0,파스타,면/만두,2인분,파스타 삶은 시간 2 분으로 단축하는 요리비법!  파스타를 물에 담가 냉동하면 삶은 시간이 2 분으로 바쁜 날도 가뿐하게 파스타를 즐길 수 있답니다  그럼 파스타를 문에 얼마나 담가 두어야 하는지 궁금 하시죠?  2시간은 담가 두시면 됩니다 2시간 담가 둔 파스타 면발의 모습은 이런 상태 그냥 중면 면발모습과 같은 모습으로 변해 있습니다~~~   파스타를 2시간 정도 물에 담가 부드럽게되면 건져서 물기를 제거 해줍니다. 그리고 올리브 오일에 버물려서 냉동 저장 용기에 넣고 뚜껑을 냉동시켜주세요  파스타는 물에 담가 수분을 제거 한 후 냉동하면 삶은 시간은 단 2분에 해결가능:) 원형의 작은 용기에 1인분 씩 넣어두면 식사 할 인원수에 따라 알맞게 꺼내어서 냄비에 충분한 물을 끓여 소금을 적당량 넣고 언 채로 넣어 풀면서 2분 정도 끓여 주면 OK,"파스타면, 물, 올리브유","[1, 1, 1]"
1,라면,면/만두,1인분,라면은 종류마다 끓이는 시간이 달라요 라면 맛있게 끓이는 방법중에 또 하나는 뒷면에 있는 조리방법을 참고하셔서 그대로 끓여주면 맛있는 라면이 만들어집니다 김치라면은 4분만 조리하면 되는데요 일단 라면을 끓일때 물의양을 조리방법에 표시되어있는 양의 반만 넣어 끓여주세요 스프와 라면사리를 넣고 끓여주시는데요 라면은 보통 4분 30초정도 되는거 같아요 라면을 넣고 센불에서 뒤적거리면서 2분정도만 끓여주고 면을 완성그릇에 건져주세요 사실 이방법이 포인트랍니다 면을 건져낸 국물에 남은 물의 양을 채워 넣고 물이 끓으면 약불을 줄여주시고 계란을 풀어 넣어주세요 계란이 익으면 대파를 넣고 마무리 해주시면 됩니다 완성그릇에 담아놓은 면위에 국물을 부어주기만하면 완성입니다 pc방 라면 만들어봤어요,"라면, 대파, 계란","['1개', '조금', '1개']"
2,비빔국수,면/만두,4인분,"배1/4개, 양파1/4개, 대파1/4대, 다진마늘2큰술등을 다져서 볼에 담아 그 위에 고추장1큰술, 간장2큰술, 매실청4큰술, 식초8큰술, 설탕3큰술, 고추가루3큰술, 참기름1큰술, 참깨1큰술을 넣어 양념장을 만든다 쇠고기는 다진파, 마늘, 간장, 설탕 1큰술씩, 후추약간을 넣어 양념한 뒤 센불에 볶아 고명을 만들어요 배1/4개, 부추, 양배추 등을 채썰어 고명을 만들어주세요 국수를 삶을 때는 소금을 살짝 넣고 찬물을 준비시키고  끓어 오를 때마다 찬물을 조금씩 넣어 삶아줍니다센불을 유지시키는게 중요해요센불 찬물에 여러번 헹구어줍니다","김, 배, 양배추, 부추, 소고기, 간장, 설탕, 대파, 다진마늘, 후추, 배, 양파, 대파, 마늘, 고추장, 간장, 매실청, 식초, 설탕, 고춧가루, 참기름, 참깨","['2큰술', '1/4개', '50g', '조금', '100g', '1큰술', '1큰술', '1큰술', '1큰술', '약간', '1/4개', '1/4개', '2큰술', '2큰술', '1큰술', '2큰술', '4큰술', '8큰술', '3큰술', '3큰술', '1큰술', '1큰술']"
3,만두,면/만두,3인분,풀무원 얇은피 꽉찬속 김치만두 정말 피가 얇고 속은 곽 차있어서 더 맛이 있는것 같아요 에어프라이어에 나열해 주세요 냉동에서 꺼내서 바로 넣었어요 180도에 10분을 타임해서 조리했어요 10분 뒤에 열어보니 피가 얇아서인지 속이 꽉찬 만두가 예쁘게 보이네요.ㅎㅎ 피가 두꺼운걸 좋아하는 사람은 싫어할수도 있지만 피가 얇은걸  좋아하는 저는 정말 맛이 있었어요 반으로 잘라보니 속이 꽉 차있네요 먹어보니 너무 맛이 있었어요,만두,['400g']
4,스파게티,면/만두,1인분,삶은 고구마를 으깨줍니다. 스파게티와 소스를 용기에 담고 썰은 소세지를 올려줍니다. 으깬 고구마를 올려줍니다. 치즈와 방울토마토를 올리고 전자렌인지에 5분간 돌려줍니다. 맛있게 먹어주면 끝~~,"파스타면, 고구마, 모짜렐라치즈, 치즈, 핫바, 방울토마토","[1, 1, 1, 1, 1, 1]"
5,잔치국수,면/만두,5인분,멸치육수를 준비합니다 후라이팬에 호박을 살짝볶습니다 5에 멸치육수를 붓고 고명을 보기좋게놓고 양념간장을 곁들어 내놓습니다,"소면, 소고기, 계란, 호박, 당근, 간장, 소금, 마늘, 고춧가루, 참기름","[1, 1, 1, 1, 1, 1, 1, 1, 1, 1]"
7,수제비,면/만두,1인분,"㉠ 시판 수제비, 감자, 당근, 양파, 호박, 청양초는 먹기 좋은 크기로 썰어준다. ㉡ 멸치와 다시마로 육수를 낸 후 썰어둔 감자, 당근을 넣어준다. ㉢ 수제비는 물에 한 번 헹궈 밀가루를 털어낸 후 넣어준다. ㉤ 그릇에 담아준 후 김가루, 깨소금을 뿌려 완성한다.","수제비, 감자, 양파, 청양고추, 당근, 호박, 멸치액젓, 사골육수, 김, 소금","['100g', '1개', '1/4개', '1개', 1, 1, '1숟가락', '4컵', 1, '약간']"
8,칼국수,면/만두,2인분,"칼국수 황금레시피,칼국수 만드는법 재료:칼국수400g,당근1/2개,양파1/2개,호박1/2개,부추100원짜리 만큼,대파1/2대,물8컵 국간장2스푼,다진마늘1스푼,후추조금,소금1/3스푼~1/2스푼 칼국수를 만들때 황금레시피라기 보다는 제일 중요한것은 육수를 내주는거예요~ 사실 육수만 내주면 여기에 무얼 넣어서 끓여도 맛있지요^^ 물8-9컵을 넣고 멸치,다시마 등을 넣어 육수를 내줍니다. 육수가 끓기시작하면 다시마는 건져냅니다. 육수를 끓이는 동안  대파1/2대,당근1/2개,호박1/2개,양파1/2개,부추 조금을 먹기 좋은 크기로 재료를 손질해주세요. 육수가 다 끓었다면 육수재료를 모두 건져내고  칼국수 면을 찬물에 가볍게 헹구어 면을 건져낸후 육수에 면과 당근,호박,양파를 넣고 끓여주세요. 여기에 국간장2스푼,다진마늘1스푼,후추조금 그리고 소금으로 간을 해줍니다. 야채가 익으면 부추와 대파를 넣고 30초 정도만 넣고 끓이면 칼국수가 완성이 되었어요^^","칼국수, 당근, 양파, 호박, 부추, 대파, 물, 간장, 다진마늘, 후추, 소금","['400g', '1/2개', '1/2개', '1/2개', '100원짜리 만큼', '1/2대', '8컵', '2스푼', '1스푼', '조금', '1/3스푼~1/2스푼']"
9,쫄면,면/만두,1인분,"미리 쫄면을 골고루 찢어서 물에 30분간 담가준후 5분간 푹 삶고 깨끗이 씻는다 상추를 씻어 먹기좋게 자른다 고추장, 참기름, 식초, 설탕을 섞어 양념장을 만든다 미리 준비한 상추와 양념장을 쫄면과 버물러 먹는다","쫄면, 상추, 참기름, 식초, 고추장, 설탕","['200g', '30g', '0.5T', '1T', '2T', '0.5T']"
10,크림파스타,면/만두,1인분,"먼저 면을 삶았는데요. 파스타 면은 소금을 넣어 삶아주는데, 식성에 맞게 조절을 할 수가 있어요. 저는 두 뽕이들을 위해 만드는거라 부드러운 식감을 위하여 12분 이상을 삶아주었어요. 삶은 후에 물만 제거하고.. 여기에 바로 소스와 야채를 넣고 볶아 주었어요.","파스타면, 햄, 양파, 스파게티소스, 우유","[1, '조금', '조금', 1, 1]"
11,콩국수,면/만두,5인분,"흰콩(백태)을 찬 물에 담가 냉장실에서 하룻밤 정도 푹 불려요. 불린 콩 3컵이면 콩국수 5인분을 만들 수 있어요. 냄비에 콩을 담고 콩이 푹 잠기도록 물을 적당량 붓고 삶아줍니다. 팔팔 끓어오르기 시작하면서 3~4분 정도만 끓이고 건져주세요. 너무 오래 끓이면 콩물이 고소하지 않고 메주냄새가 나고요. 색도 누렇게 변해버려요. 삶은 콩을 살살 비비면 콩껍질이 나올거에요. 모두 걸러주시고요. 불린 콩 3컵에 9~10컵 정도의 물을 붓고 믹서에 갈아줍니다. 두 번 나누어서 갈아주셔야 콩국물이 믹서에서 넘치지 않아요. 중간에 잠시 쉬었다가 다시 조금 더 오래 갈아줍니다. 오래도록 곱게 갈아야 국물이 진하게 우러나와요. 믹서에서 간 콩국물을 체에 면보를 올려 거른 후 국물을 꼬옥 짜주세요.콩물을 거르고 난 찌꺼기 비지는 나중에 찌개를 끓여드시면 되지요. 콩국물을 걸러내고나면 거품이 위에 동동 많이 뜬답니다. 고운 체로 거품을 건진 후 소금으로 간해주시고 나중에 국수도 넣고 얼음을 띄울거라 조금 짠 듯이 간을 해야 나중에 간이 잘 맞아요. 오이채와 토마토를 썰어서 준비해두고요. 국수를 쫄깃하게 삶아 그릇에 담고 콩국물과 오이채, 토마토를 올리면 완성. 보기좋으라고 위에 검은 깨를 솔솔 뿌려주었지요.","백태, 소금, 소면, 오이, 토마토","['3종이컵', '0.5큰술', '5인분', '1/2개', '1개']"
12,짜장면,면/만두,2인분,닭고기 살을 잘게 썰어 주세요 미향 1t 생강가루 후춧가루 톡톡 뿌리고 멸치액젓 1t 참기름 1t를 넣고 섞어주세요 닭고기를 양념해 두고 양배추와 양파를 네모지게 썰어 주세요 대파를 썰어 주세요 짜장면을 준비합니다 한쪽에 물을 끓여주세요 라면을 끓여요 다른 한쪽에 양념한 닭살과 채썬 당근을 볶아주세요 팬 가운데 식용유를 넉넉히 두르고 썰어 놓은 양배추와 양파를 넣고 쎈불에 볶아주세요 불을 끕니다 3분간 끓인 라면을 볶은 야채 속에 넣어 주세요 면만 건져서 넣어 주세요 짜장 가루를 넣어 주세요 대파를 넣고 섞어주세요 그릇에 담고 고추가루를 넣고 섞어서 맛있게 먹어요,"닭고기, 양배추, 양파, 당근, 대파, 짜장면, 미원, 생강, 후추, 멸치액젓, 참기름, 고춧가루","['100g', '1장', '1/2개', '조금', '1개', '2개', '1t', '톡톡', '톡톡', '1t', '1t', '1t']"
13,볶음우동,면/만두,3인분,"어묵은 모양살려 썰어주고 숙주, 양배추, 청경채도 준비 했어요 끓는물에 어묵부터 데치고 우동면도 삶아 건져요 팬에 오일둘러 대파부터 볶을게요 파기름에 양배추 볶아요 어묵, 우동면넣고 쉐킷쉐킷~~ 1차로 살짝 간 해 줍니다 2차로 간맞추기 합니다 역시 이금기 프리미엄 굴소스로..","우동면, 어묵, 숙주, 청경채, 양배추, 대파, 굴소스","['1개', '1장', '1줌', '2포기', '약간', '1/2대', '3T']"
14,짬뽕,면/만두,1인분,"야채와 고은고춧가루 1티스픈 반, 함께 볶으새요 준비된 물 ,짬봉그릇으로 8부 부으시고 우동면 하고 양념 재료 넣으세요 (참기름은 재외) 혼다시 소금 훗추가루 다진마늘 국물이끓면 해물 넣으시고요 한번더 끓으면 짬봉그릇에 참기름 약간두르고 끓은 짬봉을 그릇에 담아서 맛있게드세요","새우, 홍합, 오징어, 양파, 당근, 소금, 고춧가루, 배추, 숙주, 물, 짬뽕, 가쓰오부시, 다진마늘, 후추","['1줌', '1줌', '1줌', '1개', '1/2줌', '1/2티스푼', '1+1/2티스푼', '1장', '1줌', '8부(그릇)', '8부(그릇)', '1티스푼', '1티스푼', '약간']"
15,비빔면,면/만두,1인분,청양초는 다져준다달걀 흰자 노른자 분리해서 구워 채썰어준다분리하지 않고 섞어 구워도된다 면은 삶아 헹궈 물기를 빼고 준비한 재료 올려주고 동봉된 양념 통깨 들기름 넣고 (초고추장 살짝 넣고 비벼도 맛나요),"비빔면, 계란, 청양고추, 대파, 들기름, 참깨","['1개', '1개', '1개', '적당량', '1큰술', 1]"
17,김치비빔국수,면/만두,1인분,"위의 양념재료들을 넣고 양념장을 만들어 줍니다. 넣는 순서는 크게 상관 없어요. 국수를 삶을 건데요. 개인적으로 '제일 제면소'면을 좋아합니다. 면발이 탱글해서 좋아요. 그렇다고 꼭 이거여야할 이유는 없지요- 좋아하시는 브랜드의 국수면발 쓰시면 그만입니다. 양은 엄지와 검지로 움켜쥐었을때 500원 동전 사이즈가 1인분이라하지만, 국수는 스파게티보다 면발이 조금 얇으므로 좀더 넉넉하게 쥐어줍니다. 끓는 물에 면을 삶을 건데요. 국수 면발 삶는 요령이 있습니다. 센 불 기준으로 해서 끓는 물에 면을 넣고 기다리다보면 거품이 확- 올라오는 타이밍이 있는데, 그때 찬물을 한 번 부어주시고 다시 한 번 거품이 확- 올라올때 또 한번 찬물을 솩- 만약 중간불이나 약불로 하셨다면 면발 하나 건져서 익었는지 잡솨보시고 거품이 올라오고 찬물붓고 하는 이 과정을 3번 정도 해주시면 될겁니다. 익힌 국수는 채에 받쳐 찬물에 박박 헹궈줍니다. 면발에 남아있는 전분기를 깨끗하게 닦아줘야 탱글탱글한 면발이 살아납니다. 헹궜을때 맑은 물이 나올때까지 헹구시고, 마지막엔 물기를 꼭-짜서 채에 잠시 받쳐놓으시면 됩니다. 면에 물기가 잘 빠졌다면 송송썰어놓은 김치 반포기와 양념장을 함께 넣고 비벼줍니다. 김치양은 전 반포기로 잡았지만, 더 많아도 상관 없어요- 잘 비벼진 국수는 그릇에 잘 담으시면 되는데요. 파스타 플레이팅 하시는것처럼 면먼저 돌돌말아 그릇에 넣고 그위로 김치를 고명처럼 얹히세요. 마지막으로 깨소금 솔솔뿌려 마무리- 쉽죠? 맛있게드세요-","김치, 소면, 다진마늘, 고추장, 참기름, 간장, 매실액, 설탕, 소금","['1/2포기', '500원 동전보다 살짝 크게 움켜쥔 정도(', '0.5스푼', '1.5스푼', '1스푼', '0.5스푼', '1.5스푼', '0.5스푼', '2티스푼']"
18,까르보나라,면/만두,1인분,베이컨은 3등분해서 두덩이는 소포장해서 냉동실에 넣고 한덩이는 먹기좋은 크기로 자르고 양파 한 개도 잘 잘라놓았네요. 그리고 면 삶을 물을 준비합니다. 조금 깊은 냄비에 적당량의 물을 넣고 소금과 올리브유 넣어 끓여줍니다. 물이 끓어오르자 면을 샤르르 뿌려주듯이 넣어주네요. 면을 끓이는 동안 (7분~10분) 까르보나라 소스를 준비합니다. 약간 옴폭한 팬에 올리브유 살짝 두르고 베이컨을 살짝 볶다가 양파 넣고 다글다글 볶아줍니다. 약간 노릇노릇하게 볶아지자 크림소스를 넣어 볶아주어요. 그리고 면수와 우유를 적당량 부어 살짝 끓여줍니다. 이제 한 쪽 냄비에서 잘 익고 있던 면을 넣어 뒤적뒤적 비벼주듯 끓여준 후 마지막에 계란 노른자만 딱 넣어 샤샤삭 비벼주더라구요~ 이제 다 됐다고 그릇에 담고 그위에 통후추 살짝 갈아서 뿌려줍니다.,"파스타면, 스파게티소스, 베이컨, 양파, 계란, 우유","[1, 1, 1, 1, 1, 1]"
19,토마토스파게티,면/만두,2인분,"제일 먼저 냄비에 물을 붓고 소금 살짝, 식용유 한두 방울 떨어 뜨려 물이 끓으면 면을 넣어서 삶아줘요. 알단테인지 뭔지 가운데 심이 있게 삶는게 좋다는데 전 영 아니라서 한국식으로 푸욱 삶았답니다.ㅋㅋㅋ 면이 익는 사이에 부재료를 준비해요. 그냥 집에 있는거로 하면 되요. 전 느타리버섯 약간, 양파 쪼금, 냉동블로콜리 두어개, 방울토마토5개, 베이컨 조금을 썰어서 준비했어요. 팬에 재료를 넣고 소금, 후추간을 해서 볶아줘요. 거기에 시판되는 스파게티소스를 넣구요. 1인분 기준으로 1/3정도면 되더라구요. 시판되는게 좀 짜거든요. 많이 넣지 말고 토마토를 추가하거나 스파게티 삶은 면수를 조금 추가해 넣으면 간이 딱 좋아요 삶아진 면을 넣고 면수도 1/2컵 정도 넣었어요. 그래야 살짝 졸이면서 면에 소스의 맛이 배더라구요. 마지막으로 치즈를 살짝 부려서 슥슥 섞었어요. 아이들은 모짜렐라치즈 조금 넣어줘도 좋아해요.(없으면 안 넣어도 되요) 짜자잔~~~조금 한다고 했는데도 양이 어마어마 하다는.....그래두 한국식으로 피클보다 김치, 깍두가 조금 내어 같이 먹음 딱 좋아요.ㅎㅎㅎ 면수를 넣어서 전체적으로 촉촉하고 간도 슴슴해서 딱 좋아요.","스파게티소스, 파스타면, 양파, 브로콜리, 느타리버섯, 베이컨, 방울토마토","['1/2병', '2인분', '1/4개', '2~3조각', '3개', '2장', '5개']"
20,비빔만두,면/만두,3인분,면삶기ㅡ소금한수저 넣고 물이 끓으면 면넣고 다시끓으면 찬물 넣고 삶기삶긴면ㅡ찬물이 살살 비비며 물기제거물기제거면ㅡ참기름넣고 집간장넣고 설탕넣고 섞어주기양념장넣고 비벼주기(집에서만든 양념장넣기ㅡ고추장 .마늘.고추가루.설탕 참기름.매실.견과류 가루 ) 야채 냉장고에 있는것들로 먹기좋게 준비 냉동만두ㆍ전자랜지에 3분 돌려 녹히기  후라이팬에 기름 드루고 노릇노릇하게 익혀 접시에 담기,"양파, 당근, 샐러리, 파프리카, 소면, 간장, 참기름, 설탕, 고추장, 마늘, 고춧가루, 설탕, 참기름, 매실액, 견과류","['1/4쪽', '조금', '약간', '1/4쪽', 1, 1, 1, 1, 1, 1, 1, 1, 1, 1, 1]"
22,바지락칼국수,면/만두,2인분,"바지락칼국수 아니 바지락라면이라고 하는 게 더 정확하겠죠. 먼저 해물국물내기티백 하나를 넣어 육수를 내줘야해요. 물이 끓을 동안 칼국수재료들을 손질합니다. 애호박과 감자, 대파와 매운고추, 홍고추까지~ 송송 썰어 준비하세요. 시원한 맛을 더해줄 바지락도 넉넉히 준비하고, 칼국수면 대신에 우동면이라던가 혹은 저처럼 라면사리를 준비하셔도 좋아요. 물이 끓기 시작하고 5분 뒤 육수가 우러나오고나면 해물국물내기티백을 건져내고 감자를 먼저 넣어 익히도록 해 주세요. 1분정도 끓여준 후 라면사리 혹은 칼국수면을 넣고 애호박도 함께 넣어 줍니다. 라면이 거의 익을 무렵 바지락을 넣어주세요. 마지막으로 청고추와 홍고추, 대파를 넣어 마무리 합니다.","다시다 육수, 애호박, 감자, 대파, 청양고추, 청양고추, 바지락, 라면","[1, 1, 1, 1, 1, 1, 1, 1]"
23,크림스파게티,면/만두,3인분,우선 면을 준비합니다. 우선 볶음팬에 버터를 놓이고 마늘과 양파를 볶아서 항을 내주세요. 향이 올라오면 우유랑 휘핑크림을 넣고 저어가면 끓여주세요. 끓을때 치즈를 넣고 잘 저어주세요. 간을봐서 싱거우면 소금간을 살짝 해주세요. 삶은 파스타면을 올리브유나 식용유를 두른 팬에 베이컨과 함께 볶아주세요. 파스타면을 볶다가 준비한 크림소스를 넣고 같이 볶아주세요. 브로커리나 파슬리 가루가 있음 넣어주면 더 좋겠어요.,"마늘, 양파, 베이컨, 소금, 파스타면, 우유, 생크림, 치즈, 버터","[1, 1, 1, 1, 1, 1, 1, 1, 1]"
24,오일파스타,면/만두,1인분,"양파, 파프리카, 페페로치노, 마늘준비 그림처럼 썰어주세요 스파게티면은 소금1스푼, 오일1스푼 넣고 10분간 끓여주세요. 알덴테로 드실분은 4분 재료를 볶아주세요. 소금 후추 추가 면과함께 볶은후 아보카도오일 두르시고 노른자위 올려주심 완성","파스타면, 양파, 페페론치노, 파프리카, 마늘, 아보카도오일, 소금, 후추","['3개', '1/2쪽', '5개', '1/2개', '3쪽', '3큰스푼', '1티스푼', '1꼬집']"
25,볶음라면,면/만두,2인분,"재료를 준비해봅니다. 저는 집에 햄이 있어서 같이 넣어봤는데핵존맛 ㅠ.ㅠ (집에 양파 있으신분은 같이 넣으셔도 좋아요!) 계란후라이 먼저 해줍니다 (저는 계란후라이가 왜이렇게 어려울까요..) 물이 끓이몬 건더기스프와 면을 넣고 삶아주세요 면이 꼬들꼬들해질때 건져내줍니다! 볶아야되기 때문에, 반드시 꼬들할때 건져내주세요! 찬물에 식힐 필요 없어요~ 식용유 적당히 두른후 햄을 먼저 볶아줘요 삶은 라면과 대파를 넣고 스프는 1개만 넣어주세요! (1인분 라면 한봉지로 하실경우 스프는 반만 넣으셔요 안그러면 짜요) 골고루 섞어 볶아줍니다 그릇에 담아 후라이 얹어 파슬리가루 톡톡해주면 완성!","라면, 햄, 대파, 계란","['2봉지', '넉넉히', '1주먹', '2개']"
26,쌀국수,면/만두,2인분,시판 사골육수와 액젓을 사용한  간단 한국식 쌀국수 만들기 ♬♪ · 쌀국수는 찬물에 30분 정도 놔둬서 불려줍니다 · 양파 한 개는 채 썰어 준비!! · 시판 사골육수에 물을 더 넣어주고  - 사골육수 2봉지에 물을 추가해도 상관없습니다  물 양은 원하는 만큼!!! 저는 사골육수 1봉지 + 물 4컵 넣어줬습니다 :) 국거리 소고기를 넣어 끓여줍니다 · 끓이면서 나오는 거품은 걷어주고 채 썬 양파를 넣어 줍니다 원래는 피쉬소스가 들어가야 하지만  그런 거 없어영 ㅋㅋㅋㅋㅋ · 피쉬소스와 비슷하다는 액젓 1.5 큰 술 넣어주고 - 간을 보면서 액젓 양을 가감해주세요 :)  기호에 따라 청양고추를 넣어 줍니다 이렇게 하면 간단 쌀국수 국물 완성!! 숙주 한 줌을 올리고  만들어 놓은 육수로 4~5번 토렴해 주면 완성입니다!! 만 저는 귀찮아서 국물에 다 넣고 살짝 데쳐줬습니다 :D 이렇게 하면 국물이 많이 없어지기 때문에  건더기를 건져내고 물을 추가한 뒤 간을 맞춰서  그릇에 부어내면 됩니다 어려운 재료 필요 없이 집에 있는 재료로 구수한 간단 한국식 쌀국수,"쌀국수, 사골육수, 소고기, 숙주, 양파, 청양고추, 레몬즙, 멸치액젓, 햇반","['200g', '350ml', '250g', '2줌', '1개', 1, 1, '1.5큰 술', '계량']"
27,토마토파스타,면/만두,1인분,"끓는물에 파스타 일인분을9분여간 끓인후 올리브유 뿌려 면끼리 붙지않게 둔다. 면삶은 물은 버리지 않고 2컵정도남겨둔다. 피망,양파등 냉장고에 있는 자투리야채는 깍둑썰기한다. 냉동새우는 찬물에 담궈 해동시킨다. 팬에 기름을 두르고 마늘을 볶아 향을 내준 후 썰어넣은 야채와 새우를 넣어 볶아준다. 어느정도 익었으면 토마토소스와 파스타삶은 면수를 넣고 끓어오르면 소금으로 간하고 삶아놓은 면을 넣는다.","파스타면, 피망, 양파, 새우, 스파게티소스, 올리브유, 소금, 마늘","['1인분분량', '1/2개', '1/2개', '7마리', '2컵', '2t', '조금', 1]"
28,알리오올리오,면/만두,1인분,"물 1L를 끓이고 마늘은 슬라이스, 페페론치노는 잘게 썰어준다. 물이 끓으면 소금 반숟갈과 면을 넣고 5~6분간 삶아준다. 실제로 파스타며는 7~8분을 삶는다. 다만 팬에서 한번 더 볶기 때문에 1~2분 일찍 건져낸다. 삶은지 4분이 되면 달군 팬에 오일5스푼을 두르고 약불에서 마늘을 넣고 볶아준다. 마늘향이 올라오면 페페론치노를 넣고 한번 더 볶아준다. 그 후 치킨스톡 1/4스푼을 넣어준다. 면을 삶은지 5~6분이 지나면 면을 건져내어 팬에 얹고 면수와 화이트와인을 각각 한국자 넣어준다. 1~2분간 볶으며 소금과 후추로 간을 한다. 파마산 치즈가루를 뿌려 마무리를 해준다.","파스타면, 페페론치노, 마늘, 소금, 후추, 파마산치즈, 치킨스톡, 포도주","['1인분(500원크기)', '3개', '10개', '약간', '약간', '2~3꼬집', '1/4큰술', '1국자']"
29,면,면/만두,1인분,재료를 준비해주세요! 일단 이 요리의 메인이라고 할 수 있는 우동과 당면을 보글보글 삶아주고 끓여줍니다~! 약간 덜익은 상태에서 꺼내주시는 것이 좋아요! 왜냐하면 그래야 볶을 때 펑퍼짐 해지지 않으니까요~ 그리고 차가운물로 촤악~ 씻어줍니다! 전단계까지 다 준비가 되셨다면 후라이팬에 기름을 휘리릭~ 부어주세용! 자 그럼! 이제 양파를 송송송 썰어서 기름에 볶아주세요~ 그리고 팽이버섯을 볶아주세요~ 재료를 전~부 넣고서 골고루 섞어주세용! 우동 안에 들어있는 간장스프를 촤악~ 부어줍니당!! 간장스프를 붇자마자 올라오는 진한 '간장향'~ 짠! 맛있는 '다솜면'이 완성됬답니다!,"우동면, 간장, 당면, 양파, 팽이버섯","[1, 1, 1, 1, 1]"
30,소고기무국,국/탕,2인분,"무를 나박하게 썰어 소고기는 핏물을 빼고 냄비에 담는다. 핏물은 차가운 물에 한 번 흔들어 씻으면 국거리 고기는 어느정도 제거가 되므로 오래 물에 담궈두지 마세요. 소고기와 무를 참기름에 달달 볶아준다. 볶아진 재료에 물을 붓고, (간장으로만 간을하면 너무 짙고 탁한색이나므로 소금도 넣는다.) 다진 마늘을 넣어 센불에서 끓으면 약불에서 뭉근하게 무를 넣고 끓인다. 떠오르는 거품은 깨끗이 걷어준다.(거품을 걷지 않으면 국물이 탁하고 맛이 텁텁해짐.) 푹 끓여진 국은 마지막 간을 보고 불을 끄기 직전에 송송 썬 대파를 조금만 넣는다. 파를 마지막에 넣어야 파릇하고 식감도 좋다. 완성된 국을 아주 뜨거운 상태로 식탁에 내놓으면 완성. 시간이 있다면 미리 한김 식혀 기름기를 완전히 제거하면 더욱 담백하고 깔끔하다.","소고기, 무, 물, 다시마, 간장, 소금, 참기름, 다진마늘, 대파","['150g', '200g', '3공기', '1조각', '1.5큰술', '1/2작은술', '1작은술', '1작은술', '조금']"
31,미역국,국/탕,1인분,남은 미역국을 끓여줍니다~!! 미역국 1인분. 물 반컵.  미역국이 조금 남거나 라면 끓일 물 양이 안되면 물을 조금 넣어서 끓여주시면 됩니다. 미역국을 끓일 동안 라면을 한개 준비합니다~!! 미역국이 끓으면 라면 면을 먼저 하나 넣습니다~!! 라면 스프는 반 정도만 넣어주면 됩니다~!! 라면 스프 반개.  라면스프 다 넣으면 너무 짜요~ 라면 면이 익고 라면 스프가 잘 어우러지게 끓여주면 됩니다~!! 진짜 미역국 라면 완성입니다~!!,"미역, 물, 라면","['1인분', '1/2컵', '1개']"
32,닭볶음탕,국/탕,2인분,"순살이면 괜찮지만 뼈 있는 닭이라 살을 발라 줬습니다 콩나물을 흐르는 물에 잘 씻어주세요 웍에 닭볶음탕을 밥이 볶일 만큼만 덜어주세요 전 조금 많이 담았는데 국물이 저거 보다 없어도 됐었어요 감자 양파 대파 등등 닭볶음탕 남은건 야무지게 잘 담아주세요 양념을 먼저 한번 끓여주세요 보글보글 끓어 오르면 콩나물을 넣어주세요 콩나물도 숨이 조금 죽어 갈 때 먹기 좋기 콩나물을 잘라주세요 콩나물을 자르고 1분정도 더 끓인 뒤 밥을 넣고 볶아주세요 다 볶아지면 불을 끄고 통깨 솔솔 , 참기름 1T 두르고 잔열로 볶아주세요 김가루를 뿌려서 마무리","닭고기, 콩나물, 참기름, 참깨, 햇반, 김","[1, '1줌', '1T', '솔솔', '2인분', '약간']"
33,소고기미역국,국/탕,6인분 이상,"미역 적당량 뜯어서 물에 불려줬어요. 아들 땜에 항상 미역국은 끓여두고 있네요. 미역국은 항상 먹을 수 있게 끓여달라고 해서 재료 바꿔가면서 끓여요. 오늘은 소고기 넣고 소고기미역국으로 끓여봤네요. 불린 미역은 먹기 좋은 크기로 잘라주고 깨끗하게 헹궈서 물기 꼭 짜주면 되네요. 불린 미역은 먹기 좋은 크기로 잘라주고 깨끗하게 헹궈서 물기 꼭 짜주면 되네요. 통주물냄비에 불린 미역,소고기 넣고 먼저 볶아줘야겠죠. 다진 마늘 적당량, 참기름, 멸치액젓 3수저쯤 넣고 5분 정도볶아주세요. 이렇게 볶아주면 미역과 멸치액젓의 비릿함이 날아가요. 저는 미역국 10인분이 넘는 양 끓인 거고요. 액젓 넣을 때는 양에 맞춰서 넣어보세요. 2인분 정도 끓이는데 액젓 3수저 넣으면 안 돼요. 어간장, 멸치액젓, 까나리액젓 다 상관없어요. 원래 젓갈 종류는 그다지 좋아하는 편이 아닌데 미역국에 액젓 넣고 해도 맛있다고 해서 넣어봤는데 맛있더라고요. 5분 정도 먼저 볶아준 다음 물 넣어서 끓여주면 된답니다. 물 가득 부어서 푹 끓여주기만 하면 되네요. 이렇게 한솥 끓여둬도 아들 혼자 먹는데도 이틀을 못 가네요. 뚜껑 닫고 푹 끓여주세요. 냄비에 따라 불 조절 달리해야 하는데요. 돌미역이라 일반 미역보다 좀 더 오래 끓여줘야 하거든요. 저는 30분 정도 푹 끓여준듯해요. 미역국이 다 되었으면 마지막으로 천일염으로 간해주세요. 맛소금 사용 안 한지는 몇 년 되었네요. 천일염으로 간을 하면 국물이 깔끔하고 시원하니 맛있거든요. 30분 정도 푹 끓여줬더니 맹물을 넣고 끓였는데도 국물이 뽀얗더라고요. 완전 진국이죠. 요건 아들 전용으로 먹는 미역국이네요. 소고기미역국 완성. 국물이 뽀얗게 우러나서 진하고 고소하니 맛있답니다. 돌미역이라 오래 끓였더니 진하고 맛있더라고요.","소고기, 미역, 다진마늘, 참기름, 멸치액젓, 소금","[1, 1, 1, 1, 1, 1]"
34,콩나물국,국/탕,4인분,"콩나물을 흐르는 물에 한번 씻어 건져 냄비에 담고 물 11컵을 부어 줍니다. 콩나물이 잠길듯 말듯하게 부은 물이 11컵입니다. 콩나물이 담긴 냄비에 물을 붓고 손으로 눌려 봤을때 콩나물이 물에 겨우 잠기는 정도입니다. 냄비 뚜껑을 열고 센불에서 팔팔 끓으면 콩나물을 위, 아래 뒤집어 주세요. 냄비 뚜껑은 계속 열고 센불에서 전체적으로 물이 고르게 팔팔 끓으면 중~약불로 줄여 콩나물이 부드럽게 익도록 끓여 줍니다. 새우젓 2큰술을 넣고 간을 해줍니다.  대파 1대, 청양고추 2개를 어슷하게 썰어 넣고 다진마늘 1/2큰술 을 넣고 끓여 줍니다. 소금,후추약간으로 마무리간을 해줍니다.","콩나물, 물, 새우젓, 대파, 다진마늘, 청양고추, 후추, 소금","['500g 한봉지', '11컵', '2큰술', '1대', '1/2큰술', '2개', '약간', 1]"
35,된장국,국/탕,4인분,"감자는 도톰하게 썰고 무는 납작하게 썰어 주세요 무와 감자를 넣고 물은 재료가 잠기게 넣고 된장을 풀어 주세요 멸치 한줌 넣고 무와 감자가 익도록 끓여주세요 느타리버섯, 대파를 썰어 주세요 배추, 양배추, 다진마늘, 고추반개를 넣어 주세요 떡을 넣고 마지막으로 대파를 넣어 주세요 골고루 섞어주세요 떡이 익으면 그릇에 담아 맛있게 먹어요","멸치, 무, 감자, 느타리버섯, 양배추, 배추, 대파, 떡국떡, 된장, 다진마늘","['10마리', '1도막', '2개', '1줌', '1/2개', '2장', '1개', '적당량', '2T', '1/T']"
36,떡국,국/탕,4인분,"요즘 제가 자주 사용하는 디포리 육수인데요~ 디포리 한번 맛보면 다시멸치에는 손이 안 가더라고요. 마시따남도 디포리 너무 좋아요^^ 디포리와 다시멸치, 다시마 넣고 끓여주면 맛있는 디포리육수가 된답니다. 떡국 육수로 사골국물,멸치육수 사용해도 좋은데요. 우리 집 아이들은 느끼한 거 싫어해서 사골육수로 끓이면 인기가 없어요 ㅠㅜ 암튼 육수에는 재료가 많이 들어가야 진하니 맛있더라고요. 5리터 끓여두면 2~3일을 못 가네요~ 요즘 일주일에 한번 정도는 디포리 육수 꼭 만들고 있는데 추운 겨울이라 금세 육수가 바닥나네요. 이번에는 재료를 좀 더 많이 넣었더니 디포리 육수가 더 진하게 나왔네요. 떡국 떡은 씻어서 준비해뒀어요. 평소에 고명 올려서 먹는 깔끔한 떡국 좋아하거든요. 계란 넉넉하게 지단 만들어줄 거랍니다. 소고기도 불고기 양념해서 볶아주면 되는데 이번에는 간단하게 계란지단만 고명으로 준비했어요. 계란물 얇게 입혀서 약한 불에서 익혀줬어요. 오늘 떡국 고명은 계란지단과 김가루만 준비했네요~ 평소에 만들어둔 디포리 육수 사용했고요. 대용량 떡국 끓일 때 실수하는 게 바로 너무 오래 끓여서 국물도 탁하고 떡도 너무 불어지는 거거든요. 떡국 떡은 오래 끓일 필요 없답니다. 떡국 끓이기 전에 고명 준비 다 하셔야 해요~! 육수가 끓어오르면 떡 넣어주세요. 우리는 아이들이 떡국을 좋아하기도 하고 대식구라서 항상 많이 끓이거든요. (떡국 떡 1.5킬로 넣어줬어요) 떡은 끓기 시작해서 2~3분 정도면 다 익더라고요. 소금간 아주 살짝 해줬고요. (김가루 넣는 거라 소금간 많이 할 필요 없어요) 대파 넣어서 마무리해주면 되네요. 계란지단 만들기 귀찮다 하면 이때 계란 넣어주세요~ 이렇게 재빨리 끓여내면 국물이 탁하지도 않고 떡도 불지 않아서 맛있는 떡국이 된답니다~ 계란지단과 김가루 올려주면 맛있는 떡국 완성~디포리 육수 진짜 맛있어요~ 디포리 육수에 떡 넣어서 살짝 끓여주면 맛있는 떡국이 되거든요. 우리는 계란지단 듬뿍 올려서 먹는 떡국 좋아하거든요~ 이렇게 고명 따로 준비하면 취향 따라 골라서 넣을 수 있어서 좋아요. 설날에는 소고기 고명도 올려서 끓이려고요~","떡국떡, 다시다 육수, 대파, 계란, 김, 소금","['떡', '멸치육수', 1, 1, 1, 1]"
37,어묵탕,국/탕,4인분,"예전에 어묵이 아니랍니다 고급스럽고 맛있는 어묵이 들어 있어요~!~한 팩 꺼내서 어묵탕을 만들었어요 어묵을 꺼내보니 생각 보다 양이 많네요 냉장고에 있는 재료들도 부재료로 꺼내놓았어요 날씨가 추워지기 시작했어요 이침 저녁엔 찬바람이 불고 추워서 따뜻한 국물이 생각나기도 하고요~!~~ 이럴 때 우리가 가장 좋아하면서 만만하고 쉽게 끓일 수 있는 어묵탕 한 가지만 있으면 다른 반찬 필요 없어요 지금은 어묵도 고급스럽고 맛있는 어묵으로 어묵탕을 쉽게 끓일 수 있도록 스프까지 들어있어서  솜씨 없고 요리 못하는 주부들도 누구나 요리사가 될 수 있답니다~!~ 국물이 시원하고 깔끔하고 맛있는 어묵탕을 삼진어묵으로 끓여 보았어요~!~  육수를 따로 끓일 필요도 없고 담겨있는 재료대로 냄비에 담고  물 붓고 스프 넣어 끓이기만 하면 간단하지만  맛만큼은 간단하지 않고 맛있는 #어묵탕입니다~!~~ 어묵탕만 끓여도 되지만 혹시나 손님 대접할 때도  멋진 어묵탕 한 냄비 직접 끓여가며 드셔도 됩니다~!~~ #삼진어묵 #이금복장인세트1호가 도착했어요 박스가 큼직해서 선물용으로도 너무 좋을 것 같지요~!~ 택배 박스를 열어보면 선물하기 좋게 손잡이가 있는 박스로 되어있어요 신선한 배송을 위해 아이스팩도 꽁꽁 얼어있는 것이 두 개나 들어있네요~~!~~ 보기에도 멋진 선물용 이금복 장인세트 1호입니다~!~~ 어부의 바(통새우 맛, 매운맛, 오징어 맛, 콘치즈 맛) 어묵탕 순한 맛, 어묵탕 매운맛 조리용 어묵 문주(스모크치즈)어간장소스 어묵탕 수프 2개가 들어있어요 푸짐하게 여러 가지 어묵이 들어있어요~!~ 예전에 어묵이 아니랍니다 고급스럽고 맛있는 어묵이 들어 있어요~!~ 한 팩 꺼내서 어묵탕을 만들었어요 어묵을 꺼내보니 생각 보다 양이 많네요 냉장고에 있는 재료들도 부재료로 꺼내놓았어요 사각어묵은 길이로 반을 접은 다음 꼬지를 꽂아줍니다 긴어묵도 꼬지를 꽂아줍니다 도톰한 어묵은 먹기 좋게 썰어줍니다 무가 조금 있어서 냄비 아래에 깔아주었어요 굳이 무를 넣지 않아도 스프가 있어서 국물 맛이 시원하고 맛있어요 냄비에 돌려가며 담아줍니다 계란도 칼집을 내어 잘라서 가운데 올려줍니다 한 팩 꺼내고 스프랑 어부의바 2개 넣고 계란과 떡볶이 떡을 넣었더니 4인 가족도 충분하게 먹을 수 있겠어요 마당에 이제 나오기 시작하는 쑥갓도 올려주었어요~!~~ 밖에 눈이 오는 날은 바글바글 끓여 먹는 어묵탕이 최고지요~!~~","어묵, 계란, 떡볶이떡, 쑥갓, 표고버섯","[1, '1개', 1, 1, 1]"
38,삼계탕,국/탕,2인분,"찹쌀은 미리 불려뒀어요. 닭 꽁지와 목 쪽은 기름기가 많고 냄새가 날수 있으니 꼭 닭 껍질 잘라내고 사용하세요. 배 안쪽도 깨끗하게 씻어주시고요. 다리에 칼집 넣어서 꼬아주면 삼계탕 만들었을 때 모양도 이쁘답니다. 압력밥솥에 삼계탕 만들었는데요. 압력솥에 하면 한 마리 했을 경우 20분 정도면 만들 수 있어요. 냄비로 하실 경우는 물 아주 넉넉하게 부어서 1시간 이상 푹 끓여주세요. 닭 배 안에 불린 찹쌀 넣어줬고요. 통마늘,대추 추가로 넣어줘도 좋아요. 삼계탕 속재료도 주머니에 담아서 같이 넣어줬네요. 그리고 찹쌀도 따로 더 넣어줬답니다. 물 넉넉하게 넣어줬는데요. 압력솥에 요리할 때 내용물이 80% 넘지 않게 하고 추에 막힌 게 없는지 꼭 확인하고 사용하세요. 그리고 들깨가루처럼 점성이 있는 건 절대 넣지 마시고 뜨거운 김 다 빠졌을 때 들깨가루 넣어주면 맛있는 들깨삼계탕이 된답니다. 뚜껑 닫고 센 불에서 끓이다가 추가 돌기 시작하면 중불로 낮춰서 20분 정도 푹 끓여주세요. 뜨거운 김빠지고 열어봤더니 뽀얗게 잘 익었죠. 찹쌀도 미리 추가로 넣어서 죽 따로 끓일 필요가 없었네요. 한약재료 넣어주니 향이 참 좋네요. 대파나 부추 넣고 한 번 더 끓여주면 되네요. 이때 들깨가루 듬뿍 넣어주면 들깨삼계탕이 되겠죠. 중복음식 삼계탕 완성이에요.","닭고기, 마늘, 찹쌀, 한약재료, 대파","[1, 1, 1, 1, 1]"
39,계란국,국/탕,1인분,계란은 알끈을 제거하고 곱게 풀어주세요 계란국을 더욱 부드럽게 드시고 싶다면 채반에 한번 걸러 주시면 부드러운 계란국이 만들어집니다. 계란찜을 할 때도 곱게 풀어 채반에 걸러주면 좋을 거 같아요 대파는 송송 썰어 준비해주세요 육수가 끓으면 소금 반 큰 술을 넣어주세요 풀어놓은 계란물을 넣을 때는 약불로 줄려 주시고 빙빙 돌려가며 넣어주시면 됩니다. 멸치육수가 없다면 생수로 해도 좋지만 깊은 맛이 나지 않더라고요 조미료를 약간 넣어도 좋을 거 같아요 계란물을 넣고 계란이 뭉치지 않게 살살 저어주세요 이상태로 두면 계란이 냄비에 눌어붙거나 계란이 뭉칠 수 있으니 살살 저어 주시거나 계란이 익었다면 툭툭 잘라주시면 됩니다. 모자란 간은 소금이나 국간장으로 채워주시고 대파를 넣으면 계란국이 만들어집니다. 계란에는 비린내가 함께하는데요 비린내가 조금 거슬린다 하시면 후추를 약간 넣어 비린내를 잡아줘도 좋습니다. 후추가 들어가면 시원한 맛을 한층 더 올려주더라고요,"계란, 대파, 사골육수","['2개', '1/2대', '500ml']"
40,육개장,국/탕,2인분,"양지는 1시간 가량 물에 담가 핏물을 제거해 주고 끓는 물에 양지, 데침 재료를 넣고 1시간 가량 끓여 주세요. 고기가 끓는 동안 무와 대파, 불린 고사리를 깨끗하게 손질해 적당한 크기로 썰어 주세요. 손질한 숙주와 대파는 끓는 물에 데쳐 주세요. 고춧가루와 참기름을 미리 섞어 주고 폭 익은 양지를 건져 먹기 좋게 찢고 손질한 채소와 양념을 모두 섞어 주세요. 양지 육수에 골고루 버무린 건더기를 넣고 끓이다가 부족한 간은 소금으로 하고 후추 살짝 뿌려 마무리~","소고기, 물, 고사리, 숙주, 대파, 무, 간장, 고춧가루, 참기름, 다진마늘, 소금, 후추","['200g', '1600ml', '2줌', '1줌', '2대', '1토막', '4숟가락', '3숟가락', '1숟가락', '1숟가락', '약간', '약간']"
41,탕,국/탕,2인분,비늘벗기고.. 양옆에 지느러미 자르고 먹기좋은크기로 잘라서 손질했네요.. 냉장고뒤져 있는 야채들 모아주었어요~ 시원맛을 내기위해 무우를 먼저 넣고 끓여줍니다.. 된장을 풀어줍니다.. 국물이 끓어오르면 생선을 넣어주세요~ 생선이 익을때쯤 준비해둔 야채들을 넣어주세요 마지막으로 대파나 잔파를 넣어주심 끝~,"생선, 호박, 청양고추, 파, 버섯, 무, 된장","[1, 1, 1, 1, 1, 1, 1]"
42,만두국,국/탕,1인분,계란 풀어주고 대파 송송썰어 준비한다 다시육수 냄비에 붓고 만두를 넣어준다 보글 보글 끓이다가 액젓이나 소금으로 취향껏 간 맞추고 계란물 빙~ 둘러 부어준다 한소끔 끓여 맛나게 챱~ 챱~,"만두, 계란, 대파, 다시다 육수, 멸치액젓","['5개', '1개', '적당량', '500ml', '1/2큰술']"
43,떡만두국,국/탕,1인분,"냄비에 오뚜기 옜날 사골곰탕 육수와 물을 넣고 팔팔 끓여주세요. 국물이 끓으면 냉동상태의 오뚜기 옛날 왕만두와 다진 마늘, 오뚜기 우리쌀 떡국떡을 넣어주세요. 약 5분간 더 끓여주세요. 기호에 따라 후춧가루를 쌀짝 넣고 대파, 지단, 김가루를 올려 완성합니다.","떡국떡, 만두, 사골육수, 물, 다진마늘, 계란, 후추","['160g', '3~4개', '500g', '3/4컵', '1t', '1개', '약간']"
44,국,국/탕,6인분 이상,큰그릇에 비닐팩을 넣고 벌려주세요 이렇게 하면 봉지를 잡지 않아도 되고 넘어지는 걸 방지 할 수 있어요 그리고 안에 국을 넣어주는데 기본적으로 2인기준 한때 먹을 정도만 넣어주시는 게 좋아요. 그릇에서 봉지를 빼내서 공기를 최대한 빼내준 후 새어나지오 않도록 꼼꼼히 묶어줍니다. 그리고 한번 더 봉지에 넣고 혹시 모를 경우를 대비해주세요 소분한 국은 냉동실에 얼려주시면 끝입니다.,"남은 국, 비닐팩, 그릇, 국자","['전부', '5~6장', '1개', '1개']"
45,꽃게탕,국/탕,6인분 이상,"손질한 냉동꽃게는 해동하여 준비한다.(자연해동) 큰냄비에 물 2.4L를 올려 불을 센불로 켜고 재료 준비를 한다.무는 큼직하게 썰고, 대파는 크게어슷썰기, 양파는 굵게채썰어 준비하고 홍고추, 청양고추는 어슷썰어 준비한다. 물이 끓으면, 무를 넣고 끊인다. 무가 무르익는동안, 중량의 양념장을 볼에넣고 무를 넣고 끓고있는 육수 한컵을 넣어 다대기를 만들어준다. 무가 70%정도 익으면, 꽃게와 다대기를 넣고 센불에서 팔팔 끓이다가 거품을 걷어내면서 깔끔하게 끓여낸다. 꽃게향이 어느정도 우러나오면, 나머지 야채들을 넣고 중불에서 더 끓여 완성한다.","꽃게, 양파, 대파, 청양고추, 청양고추, 무, 물, 고춧가루, 소금, 다시다, 다진마늘, 미원, 된장, 후추, 미원","['700g', '1/2개', '2뿌리', '1개', '2개', '300g', '2.4L', '4큰술', '2큰술', '1큰술', '1큰술', '1큰술', '2큰술', '1작은술', '1꼬집']"
46,시금치된장국,국/탕,2인분,시금치는 깨끗이 씻어서 준비하고 맛타리버섯은 냉동 시켜 놓은 거 꺼내 놓았구요. 두부는 먹기 좋게 썰어서 물에 담가서 불순물을 빼 놓았어요. 두부는 바로 조리하기 보다는 물에 담가놓았다가 조리하는 것이 좋대요~~ㅎㅎ 냄비에 물부터 끓이다가 끓기 시작할때 새우랑 마늘 넣고 끓여요. 그리고 시금치랑 두부 넣고~ 된장 넣어서 풀고 마지막에 버섯 넣고 보글보글 끓이면 끝! 후딱 끓일 수 있어서 좋고~ 맛있게 먹을 수 있어서 더 좋고~~,"시금치, 두부, 느타리버섯, 건새우, 마늘, 물, 된장","['2줌', '1/2모', '1줌', '약간', '약간', '4~5컵', '1.5스푼']"
47,배추된장국,국/탕,4인분,"두부는 한입크기로 잘라주고, 대파는 도톰하게 어슷썰고, 양파도 두부와 비슷한크기로 썰어준뒤, 배추는 두껍게 채썰어 준비한다. 냄비에 물 1L를 넣고, 센불에서 팔팔 끓여준다. 물이 팔팔 끓으면 준비한 재료들을 넣고 센불에서 끓여준다. 거품이 나오면 거품을 걷어주고, 중불로 끓이면서 분량의 양념(고춧가루,마늘,미원)을 넣어 센불에 훅 끓여 완성한다.","배추, 양파, 대파, 청양고추, 청양고추, 두부, 물, 된장, 고춧가루, 다진마늘, 미원","['100g', '1/4개', '1뿌리', '1개', '1/2개', '1모', '1L', '4큰술', '1큰술', '1큰술', '1꼬집']"
48,오이냉국,국/탕,4인분,"오이, 양파 채 썰어 준비 마늘과 청양고추 다져주고 홍고추는 씨를 빼고 얇게 채썰어 준비 레몬은 반을 잘라 레몬즙 짜주기 보관용기에 물 1L넣어주기 설탕2, 소금1, 멸치액젓2, 매실액2, 국간장4, 식초 종이컵 1/4컵을 넣어 저어주고 레몬즙 1스푼 반을 넣어주기 준비된 야채 모두 넣어주고 통깨 1스푼을 넣고 잘 저어준 뒤 30분 후 먹기","오이, 양파, 청양고추, 청양고추, 설탕, 소금, 멸치액젓, 매실청, 간장, 식초, 레몬즙, 물","['2개', '1/2개', '2개', '2개', '2T', '1T', '2T', '2T', '4T', '1/4종이컵', '1.5T', '1L']"
49,오징어무국,국/탕,4인분,"오징어는 칼집 넣어서 먹기 적당한 크기로 잘라서 냉동실에 보관해두면 요리하기 참 편하답니다. 국에 넣을 거면 오징어를 조금 더 두껍게 썰고, 부침개에 넣을 거면 얇게 썰어도 좋고요. 오징어 큰 걸로 두 마리 잘라서 준비했고요. 무는 납작하게 썰어주세요. 사진에는 빠졌지만 양파도 넣어줬네요. 매운 거 좋아하면 청양고추 넣어줘도 좋아요 찬물에 무와 다시마 먼저 넣어서 끓여준답니다. 물이 끓으면 다시마는 먼저 건져내주세요. 고춧가루, 다진 마늘 넣어서 먼저 끓여줬어요. 그런 다음 오징어와 양파 넣고 센 불에서 끓여주세요. 오징어는 오래 끓이면 질겨지니까 오래 끓일 필요는 없어요. 간은 천일염, 맛술 넣어줬어요. 기호에 따라 국간장을 넣어줘도 좋아요. 제일 마지막에 대파 넣고 한번 더 센 불에서 끓여주면 완성이랍니다.","오징어, 무, 다시다 육수, 다시마, 양파, 다진마늘, 고춧가루, 소금, 맛술","[1, 1, 1, 1, 1, 1, 1, 1, 1]"
50,감자국,국/탕,2인분,"물 700~750ml를 넣고 멸치 육수를 우려 줍니다. 멸치육수를 이용하여 국을 끓이면 더욱 깊고 시원한 맛을 낼 수 있어요 큰 사이즈 감자 한개를 깎아 먹기 좋은 크기로 잘라줍니다. 너무 얇게 썰면 으스러지기 때문에 살짝 두께감 있게 썰어주세요. 감자와 비슷한 크기로 애호박도 잘라주고 파도 송송 썰어 준비합니다. 우러난 멸치육수에 감자를 넣고 먼저 익혀줍니다. 감자가 거의 다 익으면 ,국간장 1T,다진마늘 1T 를 넣어줍니다. 마지막으로 대파와 애호박을 넣고 한소끔 끓인 후 나머지 간을 소금과 후추로 맞춰주면 감자국 완성!","감자, 애호박, 대파, 다시다 육수, 다진마늘, 간장, 소금, 후추","['1개', '1/3개', '1/2개', 1, '1T', 1, 1, 1]"
51,닭곰탕,국/탕,6인분 이상,끓는물에 닭을 앞뒤로 담갔다가 꺼내서 찬물에 헹궈 주세요 목 주변의 껍질을 제거하고 닭꽁지와 엉덩이 부분 지방을 제거한 다음 중간을 잘라서 뱃속을 한번더 씻어주세요 (내장을 제거하시려면 이때 제거합니다) 베이킹소다로 깨끗이 씻은 오렌지 껍질을 속에 넣고 닭을 뒤집어주세요 백숙용 한방팩을 물에 한번 씻어서 넣고 마늘 10개 생강 조금 넣고 물 3리터 넣고 센불에 45분 끓여주세요 중간에 닭을 한번 뒤집어 주세요 천일염 1/2T 넣었어요 오렌지 껍질을 제거한 다음 맑은 닭국물과 살고기를 집게로 떼어서 넣고 밥과 함께 먹어요 꽃소금 후춧가루를 톡톡 넣어 각자 간을 합니다,"닭고기, 다시다 육수, 마늘, 생강, 오렌지, 물, 소금, 후추, 소금","['1250g', '37g', '10개', '약간', '1개', '3L', '약간', '약간', '1/2T']"
52,북어국,국/탕,2인분,북어는 물에 씻어 먹기 좋은 크기로 썰고 무는 채를 썰어주세요. 냄비에 참기름1T를 두르고 씻어둔 북어를  북어를 살짝 볶은 후 멸치 다시 육수를 8컵 넣고 채썬 무를 넣어주세요. 개란 2개를 풀어주세요. 국이 끓기 시작하면 다진 마늘과 풀어둔 개란을 부어주세요. 다시 끓어 오르기 시작할때 간장 소금 후추 간을 하시고 썰어둔 청양고추 대파를 넣어 주시면 끝이랍니다.,"북어, 신, 청양고추, 청양고추, 대파, 마늘, 다시다 육수, 계란, 간장, 소금, 후추, 참기름","['1컵', '1컵', '1개', '조금', '1/2대', '1T', '8컵', '2개', '1T', 1, '약간', '1T']"
53,감자탕,국/탕,4인분,"끓는 물에 우거지를 넣고 삶다가 반으로 꺽으면 잘 접히면서 마지막에 '톡' 하는 소리가 나면 우거지가 잘 삶아진 것입니다.우거지 잘 삶은 것도 감자탕의 비법중 하나랍니다. 돼지등뼈는 4시간 정도 물에 담가 핏물을 빼고 센불에 약 5분 여정도 끓여 물은 버리고 등뼈는 깔끔하게 씻어줍니다. 씻은 등뼈는 다시 끓이는데요. 물이 끓으면 마늘과 통후추, 생강을 넣고 소주도 넣습니다.약 1시간 여정도 거품을 걷어내고 물을 보충하면서 끓입니다. 1시간 정도 지나면 된장과 고춧가루 1큰술을 넣고 다시 1시간 여정도 물을 보충하면서 끓입니다. 2시간이 경과된 등뼈에 우거지와 대파. 청양고추. 감자를 넣고 30 여분 정도 끓입니다 천연조미료를 1큰술 넣고 고춧가루. 소금을 넣어 30 여분 정도 더 끓이면 감자탕이 완성 됩니다.끓이는 시간이 대략 3시간입니다. 마지막에 간을 맞추고 그릇에 담아냅니다.","돼지뼈, 감자, 우거지, 깻잎, 대파, 양파, 청양고추, 미원, 들깨, 소금, 소주, 된장, 고춧가루, 마늘, 생강, 후추","['1kg', '4개', '6장', '1묶음', '1/2단', '1/2개', '3개', '1큰술', '4큰술', '1+1/2큰술', '1/2컵', '1큰술', '3큰술', '5쪽', '1톨', '10알']"
54,홍합탕,국/탕,4인분,"홍합 수염은 위에서 아래로 잡아 당겨 제거합니다. 가위로 잘라주어도 됩니다. 찬물에 홍합을 넣고 두 손으로 홍합을 부딪치게 세척해줍니다. 두세번 정도 헹군 뒤에 물기를 제거해줍니다. 홍합은 소금물에 해감하지 않아도 되는 조개입니다. 찬물을 1500ml 를 넣고 대파는 흰대만 넣어줍니다. 홍고추는 통째 넣어줍니다. 불을 중불로 하고 끓여줍니다. 끓기 시작하면 거품이 생기는데, 거품을 걷어내주시고요. 어느 정도 끓고 나면 불을 약하게 하고 뚜껑을 닫아서 국물이 우러나도록 합니다. 국물이 우러나면 대파와 홍고추는 건져냅니다. 송송 썬 홍고추를 국물에 띄어주면 색상도 예쁘고 맛도 좋아진답니다. 시원한 홍합탕 완성입니다~","홍합, 물, 맛술, 대파, 청양고추, 소금","['1팩(60-70개)', '1500ml', '1큰술', '1대', '2개', '3/2큰술']"
55,밀푀유나베,국/탕,2인분,"배추>깻잎>소고기를 2회 반복하여 쌓는다. 적당한 크기로 썰어 냄비에 테두리부터 담는다. 손질한 버섯을 가운데에 담는다. 물, 요리에한수, 국간장으로 육수를 만들어 넣어 끓인다. 흑임자, 유자폰즈소스와 함께 먹는다.","소고기, 배추, 깻잎, 청경채, 표고버섯, 느타리버섯, 다시다 육수, 유자폰즈소스, 소금, 후추, 간장, 참깨흑임자드레싱","[1, 1, 1, 1, 1, 1, 1, 1, 1, 1, 1, 1]"
56,김치콩나물국,국/탕,2인분,멸치를 넣고 5분간 끓여준다 다진마늘을 육수에 넣는다 신김치랑 콩나물을 육수에넣는다 대파를 넣고 끊인다,"콩나물, 김치, 다진마늘, 대파","['1/2봉', '2/3포기', '1스푼', '1개']"
57,황태국,국/탕,2인분,황태를 먹기 좋은 크기로 잘라주세요 물 반 컵 정도를 황태에 부어주어 골고루 물을 흡수 할 수 있도록 해주세요 냄비에 물 1.5L 정도를 받아주신 다음에 멸치와 다시마를 넣고 멸치 다시마 육수를 우려내주세요 그리고 물이 끓기 시작하면 멸치와 다시마를 건져내어 깨끗한 부분의 육수만을 준비해주세요 황태국을 끓일 냄비에 참기름을 둘러주신 다음에 황태와 무를 넣고 볶아주세요 무가 투명 빛으로 변하기 시작하면 만들어준 멸치 다시마 육수를 넣고 끓여주세요 육수가 끓기 시작하면 국간장과 두부를 넣고 끓여주세요 두부가 익었으면 계란을 넣고 끓여주세요 계란이 익었으면 취향에 맞게 소금을 넣어 간을 맞춰주신 다음에 파를 넣고 끓여주세요 파의 향이 국물에 배였으면 완성입니다 완성된 황태국은 먹을만큼만 퍼내어 국그릇에 담아주신 다음에 취향에 맞게 후추를 뿌려주어 마무리해주세요,"황태, 무, 두부, 계란, 파, 멸치, 다시마, 참기름, 간장, 소금, 후추","['100g', '200g', '150g', '2개', '1개', '4개', '2개', '2T', '1T', '1t', '1t']"
58,어묵국,국/탕,2인분,"먼저 주 재료인 어묵은 듬뿍 준비해주었어요. 냉장고 속 다양한 모양으로 준비해주었고 개인적으로 황금대죽을 가장 선호하는 편이랍니다.먹기 좋게 한입크기로 썰어주었어요.취향껏 꼬지를 끼워 탕으로 만들어주셔도 좋겠지요? 부재료는 냉장고 사정껏 준비해주시면 되는데요. 양파는 반개정도 채썰어주었고, 당근도 1/6개정도 채썰어주었어요. 당근은 색감용으로 준비한 재료이고 그 외에 대파는 송송 청양고추 혹은 홍고추는 어슷 썰어 준비합니다. 재료 준비가 완료되면 이제 밑국물을 준비해주면 되는데요. 먼저 물은 인분수의 국그릇+1을 더해 팔팔 끓여주고 저는 밑국물로 연두 2스푼을 이용했어요. 그 외에 멸치다시마 육수를 준비해주어도 좋아요. 소금도 한꼬집 정도 솔솔 뿌려 준비합니다. 간은 이렇게 연두와 소금간을 해준 후 준비한 재료를 한번에 모두 넣어줍니다. 아, 대파와 청양고추는 마무리 단계에 넣어주세요. 후추를 솔솔 뿌려 매콤한 향을 더해주었고요. 국물을 좀 더 깔끔하고 개운하게 드시고 싶으신 분들은 후추는 생략해 주시는 것이 좋아요. 오뎅이 익어 동동 떠오르면 썰어둔 고추류와 대파를 모두 넣어주세요. 홍고추는 맛을 내기 보다는 비주얼 용으로 넣어주었으니 생략해주셔도 좋답니다. 대파를 넣어준 후에는 불을 곧바로 꺼준 후 설익혀주셔도 좋아요.","어묵, 당근, 양파, 대파, 청양고추, 소금, 미원","['2컵', '1/6개', '1/2개', '1대', '1개', '1/2작은술', '1큰술']"
59,닭개장,국/탕,2인분,"넉넉하게 두마리 삶았어요. 닭 삶은물은 삶는 과정에 생긴 기름 걷어내고 닭개장 육수로 사용합니다. 삶아진 닭은 찢어서 준비하고요. 커다란 그릇에.. 삶아서 손질한 닭과 고사리, 숙주, 크게 썬 대파와 고추가루, 청양고추, 다진마늘, 집간장, 참기름 넣고.. 조물조물 잘 섞어주세요 커다란 냄비에 담고 닭 삶았던 물 자작하게 붓고 끓여주는데 육수가 부족하면 물을 더 부어도 되지만 야채는 끓이면 그 양이 줄어드는걸 감안해서 육수를 부어주세요 부족한 간은 소금으로 조절하세요","닭고기, 고사리, 대파, 청양고추, 다진마늘, 고춧가루, 간장, 후추, 참기름, 소금","[1, 1, 1, 1, 1, 1, 1, 1, 1, 1]"
60,된장찌개,찌개,2인분,집된장과 미소된장을 준비한 냄비에 물과함께 풀어줍니다 냉동꽃게와 새우를 찬물에  해동시낀후 건져내서 준비합니다 물이 끓으면 꽃게와 새우를 넣어줍니다. 2분정도 더 끓여줘요 야채를 준비해서 알맞게 썰어둬요 된장에 넣을 크래미도 준비해요 끓어오르면 준비된 야채를 넣어줍니다 1분정도 더 끓이고 크래미를 ,"냉동꽃게, 냉동새우, 표고버섯, 호박, 양파, 대파, 두부, 된장, 된장, 다진마늘, 참치액","['1주먹', '1주먹', '1개', '4조각', '1/4', '1/2뿌리', '1/4모', '1.5T', '1T', '1t', '1t']"
61,김치찌개,찌개,3인분,"돼지고기와 묵은지, 들기름을 넣고 볶아준다. 고기가 반쯤 익으면 끓는 멸치육수를 바로 부어준다.(볶은 고기에 끓는 육수를 부어주면 고기가 연하고 질기지 않음) 마지막에 대파를 넣어 완성한다.","돼지고기, 김치, 다시다 육수, 대파, 들기름","['200g', '1/4쪽', '2컵', '약간', '약간']"
62,순두부찌개,찌개,2인분,"양념은 한데 섞지 마시고 따로 준비해주세요. 양파는 채 썰어서, 대파는 송송 썰어준비해요. 멸치 육수도 2컵 준비하고요. 냄비에 참기름 1 큰 술+고춧가루 2 큰 술을 넣고 약불에서 잘 볶아 고추기름을 내요. 다진 돼지고기도 넣고 가볍게 볶아줍니다. 멸치육수 2 큰 술, 다진 마늘 1 큰 술, 새우가루 1 큰 술, 소금도 약간 넣어주시고요. 국간장 1 큰 술을 넣고 돼지고기가 익을 때까지 충분히 볶아주도록 해요. 멸치육수 2컵을 넣고 강불에서 국물이 끓어오르면 중간 불로 줄인 뒤 채 썬 양파를 투척 ~  순두부도 숟가락으로 숭덩숭덩 떠서 넣어줍니다. 국물 간을 보고 싱거우면 소금을 약간 넣어주시고요. 감칠맛을 더 주고 싶으시면 새우가루를 좀 더 첨가해주세요. 참고로 저는 1 큰 술 더 넣었어요 ㅎㅎ 약불로 줄인 뒤 송송 썬 대파를 넣고요. 국물이 한소끔 끓어오르면 달걀을 하나 톡 깨서 넣어줍니다.","순두부, 양파, 대파, 계란, 다시다 육수, 다진마늘, 고춧가루, 참기름, 돼지고기, 다시다 육수, 건새우, 간장, 소금","['1팩', '1/2개', '1/2대', '1개', '2컵(약 400ml 정도)', '1큰 술', '2큰 술', '1큰 술', '2큰 술', '4큰 술', '1큰 술', '1큰 술', '적당량']"
64,고추장찌개,찌개,2인분,"재료를 준비해주세요. 냄비에 물과 건더기스프 분말스프를 넣고 끓여주세요. 물이 끓으면 감자, 애호박, 양파를 넣어주세요. 면을 넣고 끓여주세요. 면이 익으면 채썬 파를 넣어주세요. 면을 건지고 밥을 넣어주세요. 참치를 넣고 김을 넣어 비벼주면 완성~!!","고추장, 참치캔, 햇반, 애호박, 감자, 양파, 대파, 김","['1', '1', '1', '1/4개', '1/2개', '1/4개', '1/2', '1']"
65,돼지고기김치찌개,찌개,3인분,"신김치와 돼지고기를 냄비에 담고 재료가 잠길 정도로 물을 붓고 끊입니다. 김치와 돼지고기가 익으면 양파를 넣습니다. 고추가루와 국간장, 후추로 간합니다. 두부와 햄을 넣습니다. 한소끔 끊인 뒤 먹기 전에 대파를 넣습니다. 그릇에 먹을만큼 담는데 뚝배기에 담으면 뜨거움이 오래갑니다.","돼지고기, 양파, 대파, 두부, 김치, 햄, 고춧가루, 간장, 마늘, 소금, 후추","['200g', '1/2개', '1개', '1/2모', '200g', '50g', '2T', '2T', '1T', '조금', '조금']"
66,찌개,찌개,4인분,"찌개에 넣을 각종 재료를 먹기 좋은 크기로 잘라 준비하고 냄비에 찌개에 넣을 재료인 두부,감자,햄,호박,양파,연어캔을 모두 넣고 물을 4컵정도 부어주세요. 고추장1,참치액2를 넣고 보글 보글 끓여 주고 5분정도 그리고 썰어 놓은 김치를 넣고 김칫국물 2국자를 넣어주고 보글 보글 끓여 줍니다 15~20분정도 마지막에 고춧가루1 그리고 대파,청양고추를 넣어 한소끔 더 끓여 마무리 해줍니다.","연어캔, 감자, 스팸, 양파, 두부, 호박, 김치, 대파, 청양고추, 물, , 고추장, 김치, 참치액, 고춧가루","['1개', '1개', '1/2개', '1/2개', '1/2모', '1/3개', '1.5컵', '약간', '2개', '4컵', 1, '1큰술', '2국자', '2큰술', '1큰술']"
68,참치김치찌개,찌개,5인분,가위로 김치를 한입크기로 잘라 주세요 원당 1T 참치액 1T 넣고 고추장 1T 를 골고루 펴바르고 참치캔 물을 넣고 센불에 졸여주세요 바닥이 눌어붙지 않도록 한두번 저어주세요 고추가루 1T 물 3컵을 넣고 끓여주세요 3분 정도 바글바글 끓으면 큼직하게 썬 두부와 채썬 대파 청양고추를 넣고 한번 저어주세요 캔참치를 넣고 불을 끕니다,"김치, 두부, 대파, 청양고추, 참치캔, 설탕, 참치액, 고추장, 고춧가루, 참치캔, 물","['1/4포기', '190g', '2/3개', '1개', '1개', '1T', '1T', '1T', '1T', '적당량', '600ml']"
69,청국장,찌개,5인분,"멸치육수를 진하고 자작하게 내줍니다. 대형마트가서 육수내는 저 주머니를 사는 바람에 쓰긴쓰는데..할머니손맛은 역시 큰 멸치 ×제거하고 머리랑 몸통넣구 끓인맛이 제맛이예요. 청국장을 넣고 풀어줘요. 물기를 날리듯이 계속 저어줄거예요. 끓어오르면 설탕1T, 고춧가루2T, 준비한 야채를 넣습니다. 야채와 재료를 먼저 준비하면 분주하지 않아요 준비한 야채를 취향껏 넣으시고 기본(양파, 대파 흰부분, 호박)만 넣으면 깔끔하고 구수한 맛이 나요. 야채가 잘 어우러지면 액젓1T를 넣구 부족한 간은 소금으로 맞춰주세요. 야채를 작게 썰어야 맛도 모양도 국짱이 다운. . 깍뚝 썬 두부를 넣구 국물 날린다 싶게 조리듯 중불에서 끓여주며 가끔 저어줍니다. 파, 호박색이 안나면 더 이뻐요.","청국장, 양파, 파, 고추, 호박, 멸치액젓, 소금, 설탕","['300g', '1/2개', '1대', '1개', '적당히', '1t', '조금', '1T']"
70,두부찌개,찌개,4인분,두부를 썰어서 냄비에 준비 야채를 썰어서 위에 올려주세요 물 두컵에 다시마 두조각을 올려주세요 고춧가루와새우젓을 넣고 끓여주세요 10분뒤에 그릇에 담아서 드세요,"두부, 양파, 당근, 파, 다시마, 새우젓, 후추, 간장, 고춧가루","['1모', '조금', '조금', '1뿌리', '2조각', '1T', '조금', '1T', '4T']"
71,동태찌개,찌개,3인분,"우선 냉동상태인 동태를 찬물에서 15분간 해동시켜주자. 동태를 상온에서 해동시키는 것보다 비린내 제거에 효과적이다.동태끼리 떨어질 정도만 해동하면 된다. 너무 오래 해동하면 손질하기가 힘들어진다. 동태 손질(비린내제거) 동태를 잘 닦아준 후, 내장, 내장의 검은 막, 뼈에 고인 핏물을 잘 제거해주어 동태의 비린내를 잘 제거해주자. 동태의 뼈에 맺힌 핏물 제거는 필수이다. 이렇게 깔끔하게 손질하면 부유물도 적게 생기고 더욱 깔끔한 동태탕을 먹을 수 있다. 본격적으로 동태의 비린내를 잡아줄 단계이다. 우선 동태 머리부분의 아가미와 핏물을 제거해주고, 구석구석의 핏물을 솔로 잘 닦아서 제거해주자. 동태 뼈에 맺힌 핏물을 제거한 사진이다. 이렇게 깔끔하게 손질을 해줘야 깔끔하고 시원한 동태국의 맛을 즐길 수 있다. 육수로 사용할 야채들은 큼지막하게 대충 썰어주자. 이렇게 무도 큼지막하게 썰어놓으면 동태찌개 육수 재료 손질이 끝난다. 동태찌개의 칼칼한 맛을 내기 위해서, 고추는 필수이다. 동태찌개 육수를 낼 때 황태 머리를 사용해주면 좀더 시원하고 개운한 동태찌개를 맛볼 수 있다.새우가루를 넣어서 거품이 많이 생겼지만, 이것은 부유물이 아닌 개우가루가 물에 뜬 것이기때문에 걷어내지 않아도 좋다. 육수가 끓으면 무와 다시마를 건져준다. 다시마는 버리고 무는 나박썰기해서 동태찌개에 넣을 준비를 한다. 이후 중불에서 15분, 약불에서 10분을 추가로 끓여주면 동태찌개 맛있게 끓이는법의 육수가 완성된다. 다음으로 동태찌개 맛있게 끓이는법의 동태찌개 재료 손질이다. 두부와 고추(듬뿍)를 먹기 좋게 잘라준다. 칼칼한 동태찌개 맛있게 끓이는법을 위해서는 청양고추가 듬뿍 들어가야 맛있다. 동태찌개에 들어갈 대파도 큼지막하게 어숫썰기를 해준다. 부추와 쑥갓, 대파를 와사비간장에 찍어 먹으면 그야말로 환상이다. 동태찌개에 들어갈 무도 이렇게 두툼하게 나박썰기 해주면 동태찌개 맛있게 끓이는법의 재료손질이 끝난다. 다음으로 동태찌개 양념장을 만들어줄 차례이다. 준비한 양념장의 재료들을 모두 넣어준다. 여기서 동태찌개 맛있게 끓이는법의 꿀팁이다. 양념장을 섞다가 뜨거운 육수 한컵을 넣어준다. 이렇게 하면 고춧가루의 풋네 제거에 정말 효과적이라서, 더욱 깔끔한 동태찌개가 완성된다. 동태찌개 맛있게 끓이는법의 양념장 황금레시피가 끝났다. 우선 동태가 깊이 잠길 정도로 만들어 둔 육수를 부어준다. 그 위에 무를 얹어주고 불을 켜준다. 이렇게 물이 끓기 시작하면 부유물을 제거해준다. 그 후 만들어두었던 양념장 세큰술을 넣어주고, 간을 보면서 추가로 입맛에 맞게 양념장을 추가해준다. 또한번 동태찌개가 끓어오르면 거품을 제거하고 중불로 불을 낮춰준 후 바지락, 콩나물을 넣고 3분간 추가로 끓여준다. 3분 후, 나머지 동태찌개의 재료를 다 올려준다. 이렇게 모든 재료를 다 넣고난 후, 약불에서 5분간 끓여주면 동태찌개 맛있게 끓이는법이 모두 끝난다.","동태, 두부, 콩나물, 부추, 쑥갓, 대파, 바지락, 청양고추, 청양고추, 고춧가루, 맛술, 생강, 마늘, 소금, 멸치액젓, 후추, 다시마, 황태, 멸치, 건새우, 무, 양파, 청양고추, 대파, 물","['2마리', '1/4모', '1줌', '1줌', '1줌', '2대', '10개', '3개', '2개', '5큰술', '2큰술', '1큰술', '2+1/2큰술', '1큰술반', '3큰술', 1, '2장', '3개', '10개', '2큰술', '1/2개', '1/2개', '3개', '1대', '1800ml']"
72,차돌박이된장찌개,찌개,2인분,재료를 준비하고 먹기좋은 크기로 썰어줍니다. 표고는 건표고로 따뜻한 물에 불려 기둥을 떼고 썰어 사용했어요. 멸치와 다시마를 넣고 멸치육수를 끓입니다. 찬물부터 넣고 끓여야 국물맛이 좋아요. 끓으면 5분뒤에 다시마는 건져내고 중불로 약간만 더 끓인후에 불을 끕니다. 멸치육수에 된장을 먼저 푼 다음 파를 뺀 나머지 재료를 넣고 끓여요. 전 된장끓일 때 두부나 재료를 같이 넣고 끓여야 재료에 된장맛이 같이 베여서 맛이 좋더라구요. 차돌박이와 버섯도 넣고 보글보글 끓여주세요. 마지막에 대파를 넣고 약간 더 끓이면 완성이에요.,"소고기, 호박, 양파, 표고버섯, 팽이버섯, 대파, 청양고추, 두부, 다시다 육수, 된장, 고춧가루","['200g', '1/2개', '1/4개', '1개', '1개', '1/2개', '2개', '1/2모', '4컵', '4큰술', '1큰술']"
73,감자짜글이,찌개,3인분,야채손질해서 채썰어 준비해 주세요~ 스팸을 지퍼백에 넣고 으깨주세요~ 뚝배기에 재료를 다넣어 주세요~ 으깬스팸도 넣어주세요 만들어놓은 양념장도 올려주시고 종이컵2 물도 넣어주세요 가스불을 켜주시고 10~15분 끓여주세요~ 감자가 익었으면 고추 넣어주시구요~,"스팸, 감자, 양파, 청양고추, 파, 물, 된장, 간장, 고추장, 고춧가루, 다진마늘, 맛술, 설탕","['작은거', '3개', '1개', '1개', '적당히', '2종이컵', '1/3T', '3T', '1T', '2T', '1T', '1T', '1T']"
74,콩비지찌개,찌개,2인분,"검은콩은 찬물에 씻은 후 물에 충분히 불려주세요. 불린 검은콩은 콩 껍질을 제거해주세요. 콩은 물과 함께 믹서에 갈아주세요.  양파와 마늘, 쪽파는 껍질을 제거하고 흐르는 물에 씻은 후 양파는 사각형 모양으로 썰고 쪽파는 송송 썰고 마늘은 다져주세요. 달군 냄비에 양파와 다진 마늘을 넣고 볶다가 김치와 애호박을 넣고 볶아주세요. 돼지고기를 넣고 볶다가 맛술과 고춧가루를 넣고 볶아주세요 갈아놓은 콩비지와 물을 붓고 저으면서 끓여주세요.  재료가 익었을 때 풋고추, 홍고추, 쪽파를 넣고 한소끔 끓여주세요.","서리태, 돼지고기, 김치, 양파, 애호박, 고추, 청양고추, 쪽파, 물, 식용유, 고춧가루, 다진마늘, 맛술, 새우젓","['100g', '2큰술', '약간', '1/2개', '약간', '1개', '1/2개', '3뿌리', 1, '1/2큰술', '2작은술', '1큰술', '1큰술', '약간']"
76,꽁치김치찌개,찌개,4인분,"신김치를 잘게 썰어서 냄비에 담아요. 전 주로 먹던 김치 그릇의 김치를 자주 이용해요. 김치통에서 꺼내 덜어서 먹다보면 김치냉장고 안의 김치 맛과는 좀 다르잖아요. 그걸로 찌개 끓여서 정리하면 좋더라구요.ㅎㅎ 신맛이 강하다면 설탕은 반큰술 정도 넣으면 덜해요. 거기에 통조림을 넣어요. 국물까지 몽땅요. 국물을 꽁치를 삶은 물이라고 괜찮더라구요. 제가 산 통조림은 마트에서 많이 파는 것보다 좀 작은 사이즈라 울 식구가 먹기 적당하더라구요. 국물이 잘박해 보이지만 찌개로 먹기엔 좀 적어요. 나중에 쌀뜨물이나 그냥 물 넣어줌 되요. 양파와 대파, 청양고추 약간을 넣어주구요 색감을 위해 고춧가루 1큰술 정도 솔솔 뿌려줘요. 국물도 보충하구요. 김치만 익으면 되니만 그래도 30분 이상은 끓여야 신김치맛이 우러나 골고루 간이 배이는거 같더라구요. 두부도 두툼하게 썰어넣었더니 금방 한 냄비 가득이네요.","김치, 꽁치통조림, 양파, 대파, 청양고추, 두부, 고춧가루, 설탕","['2컵', '1캔', '1/2개', '1개', '1개', '1/2모', '1큰술', '약간']"
77,돼지고기고추장찌개,찌개,3인분,"분량의 재료를 준비해 주세요. 재료는 모두 먹기 좋은 크기로 썰어주세요. 냄비에 물을 붓고 다시마, 멸치를 넣어 센 불에서 끓이다 끓어오르면 중약불로 줄여 약 15분간 더 끓여주세요. 약 15분 후, 육수 재료는 건져내고 고추장 1T를 넣어 풀어주세요. 물이 끓어오르면 돼지고기를 넣어 주세요. 물이 다시 끓어오르면 감자를 넣어 약 7분간 끓여주세요. 약 7분 후, 양파, 호박을 넣고 간장 1T를 넣어 호박이 익을때까지 약 5-7분간 끓여주세요. 마무리로 대파 1줌, 다진마늘 1T, 청양고추, 후추 톡톡해서 한소끔 끓이면 완성입니다. 부족한 간은 소금으로 해주세요.","돼지고기, 감자, 호박, 양파, 청양고추, 청양고추, 파, 다진마늘, 고추장, 고춧가루, 간장, 후추, 다시마, 멸치","['300g', '1개', '1/2개', '1/2개', '1개', '1개', 1, '1T', '1T', '1.5T', '1T', '약간', '1장', '10-12마리']"
78,비지찌개,찌개,3인분,"김치는 잘게 다져서 들기름을 넣고 볶아주세요 다진돼지고기를 넣고 마늘, 후추도 넣은다음 같이볶아주세요 두부가게에 파는 비지는 맛도좋고 고소해서 직접사와서준비했어요 비지를 넣고 재료가 잠길정도로 물을 넣고 끓이다가 멸치액젓,고춧가루를넣고 팔팔끓여주세요 ☞너무 되다싶으면 물을 조금더 넣어주세요 다진 청양고추,다진 홍고추를 넣고 한번더 끓여주면 완성 ☞싱거우시면 멸치액젓 추가해서 간맞춰서 드시면 끝!!","콩비지, 김치, 돼지고기, 고추, 청양고추, 들기름, 다진마늘, 후추, 멸치액젓, 고춧가루","['200g', '100g', '100g', '1개', '1개', '3T', '1T', '0.5T', '2T', '1T']"
79,달래된장찌개,찌개,3인분,육수 1컵 반~2컵을 준비해주세요. (2인분 기준) 채소는 한입 크기로 잘라주세요. 채소는 냉장고 사정에 따라 변경하셔도 돼요. 육수가 끓으면 채소와 버섯을 모두 넣고 끓여주세요. (감자를 넣을 경우 감자가 익으면 나머지 재료를 넣어주세요) 집 된장 염도에 따라 1.5~2T 넣어주세요 완성된 된장찌개에 달래를 올려주면 달래된장찌개 완성!!,"호박, 양파, 두부, 고추, 된장, 다시다 육수","['1/3개', '1/2개', '1/2모', 1, 1, 1]"
80,스튜,찌개,2인분,깍둘썰기를 하셔서 재료 준비 끝. 한가지 팁은 선생님이 깍두기 썰듯이 깍뚝썰기 하지 말고 어슷하게 썰어야 이쁘고 고급져 보인데요. 달구어진 그릇에 올리브유 마늘 을 넣어 볶아주세요. 손질한 야채와 브런치 후랑크를 넣어서 볶은후 물과 백설토마토파스타소스를 1 : 1 넣어주세요. 농도나 개인 취향에 따라 토마토파스타소스를 가감하셔도 되요. 소금후추로 간을 맞추시고 끊여주세요. 어느정도 끊어 오르기 시작하면 계란 두개를 넣어주세요. 저희는 두명이라 싸우지 않으려고 두개 넣었어요. 그다음 행복한 콩 브런치 두부 감자 입니다. 진짜 브런치 혹은 유동식 그리고 아이들 간식으로 너무 좋은 행복한콩 브런치 두부를 숟가락을 뚝뚝 떠 넣어 주세요. 다 넣었다면 뚜껑을 닫고 약불에서 계란이 익을 정도로 나두시면 마늘빵과 함께하면 맛있고 고급진 브런치 브런치 후랑크 베지 스튜가 됩니다.,"햄, 파프리카, 호박, 버섯, 양파, 가지, 계란, 올리브유, 두부, 스파게티소스, 소금, 후추","[1, 1, 1, 1, 1, 1, 1, 1, 1, 1, 1, 1]"
81,감자고추장찌개,찌개,4인분,"감자는 납작하게 한입크기로 썰고 느타리버섯은 가닥으로 떼어주세요. 대파, 고추는 송송 썰어주고 양파는 채썰어주세요.돼지고기도 한입크기로 썰어주세요. 깊은 팬에 참기름2T, 식용유2T를 넣고 고추장1T, 고춧가루1T를 넣고 볶아서 고추기름을 만들어주세요. 돼지고기를 넣고 볶아주세요. 물과 감자를 넣고 10분 정도 끓여주세요. 국간장, 멸치액젓, 다진마늘을 넣고 간을 해주세요. 느타리버섯, 양파를 넣고 끓여주세요. 대파, 고추를 넣고 끓여주세요.","감자, 돼지고기, 느타리버섯, 양파, 대파, 고추, 물, 참기름, 식용유, 고추장, 고춧가루, 간장, 멸치액젓, 다진마늘","['4개', '100g', '100g', '1/2개', '1개', '1개', '600ml', '2T', '2T', '1T', '1T', '1T', '1T', '1T']"
82,전찌개,찌개,3인분,"명절에 남은 전을 준비해 주시고, 조금 크다 싶은건 먹기좋은 사이즈로 잘라주세요. 대파는 쫑쫑쫑 썰어줍니다. (저는 냉동실에 썰어둔 대파 사용했어요) 묵은김치 한줌(작게) 준비하고, 양념장(고추가루1수저,간장1수저,다진마늘1수저) 준비합니다. 냄비에 물500ml넣고 다시팩 하나 넣어 끓여서 육수 준비하고, 다시팩 건져낸 후 끓고 있는 육수에 새우젓을 우선 1/2수저만 넣고 나중에 끓이다가 싱거우면 추가해주세요. 새우젓 넣은 육수에 준비한 전과 양파를 빙~둘러서 놓아주고 가운데 김치를 놓아준 후 강불에 한번 확 끓여준 후 대파를 올리고 양념장을 풀어서 약불에 보글보글 끓여주면 전찌개 완성입니다~","김치전, 김치, 양파, 대파, 사골육수, 새우젓, 고춧가루, 간장, 다진마늘","['12~15개 정도', '1줌', '1개', '1/2대', '500ml', '1/2~1숟가락', '1숟가락', '1숟가락', '1숟가락']"
84,애호박찌개,찌개,2인분,"애호박과 양파, 고추를 썰어 준비해주세요 냄비에 물 2머그컵을 넣고 끓어오르면 호박, 양파, 고추가루, 새우젓, 다진마늘, 소금, 소고기다시다, 후추를 넣어주세요 보글보글 끓어오르면 파를 넣고 마무리하면 끝.","물, 애호박, 양파, 청양고추, 새우젓, 고춧가루, 미원, 다진마늘, 소금, 후추, 파","['2머그컵', '1/2개', '1/2쪽', '2개', '1/2숟가락', '1/2숟가락', '1/2숟가락', '1/2숟가락', '조금', '조금', '조금']"
85,스팸김치찌개,찌개,2인분,"파한대, 청양고추는 총총 썰어주고 양파반개는 채썰어주세요 햄한통은 적당한크기로 잘라주세요 김치는 가위로 숭덩숭덩 잘라서 준비해주세요 참기름 1큰술, 다진마늘 크게1스푼넣고 볶아주세요 채썬양파와 김치를 같이 볶다가 설탕1스푼넣고 볶아주세요 (묵은지가 새콤~해서 찌개를 끓여도 맛이 나지않을땐 설탕을 넣어주세요) 물넣고 끓여주다가 소금,고추가루로 간하고 파, 청양고추를 넣고 바글바글 끓여주세요 잘라놓은 햄을넣고 끓여주시면 맛있는 스팸김치찌개가 완성입니다^^","김치, 스팸, 파, 양파, 청양고추, 다진마늘, 소금, 고춧가루","[1, 1, 1, 1, 1, '1큰술', 1, '1큰술']"
86,오징어찌개,찌개,4인분,"채소와 청양고추를 넣고 고추가루,마늘, 식용유,소금을 넣어준다음 채소와 양념이 잘 어우러지게 중간불로 볶아주세요 볶아준 채소에 쌀뜨물을 자박하게 넣어준다으 채소가 반 정도 익으면 물오징어를 넣고 양념이 베일 정도로 중간불로 익혀주고 소금으로 간을 해 주면됩니다","오징어, 양파, 당근, 호박, 무, 청양고추, 고춧가루, 마늘, 식용유, 소금, 쌀뜨물","['2마리', '1개', '1/2개', '1/3개', '조금', '2개', '2숟가락', '1/2숟가락', '조금', '조금', '자박하게']"
87,콩나물찌개,찌개,2인분,"집밥 백선생 콩나물찌개의 레시피대로라면, 송송 썰어 놓는 대파는 있지만, 길게 잘라놓은 대파 대신에 채썬 양파를, 그리고 버섯도 넣어 향긋하고 쫄깃함을 더해주었는데요. 저는 그냥 생략했어요... 그냥 이대로도 맛있더라고요.  먼저 냄비에 기름을 두르고 대파를 넣어준 후 센불에서 달달 볶아줍니다. 여기에 돼지고기 간 것을 넣어 볶아주고, 고춧가루 5큰술을 넣어 볶아주세요. 이 때, 불의 세기를 조금 줄여주어야지..센불에서 볶애내면 고춧가루가 탈 수 있어요.  그리고 깨끗힌 손질한 콩나물을 넣어준 후 콩나물이 잠길정도로 물을 부어 한소끔 끓여줍니다. 여기에 다진마늘을 넣어주고, 국간장 혹은 액젓 3큰술을 넣어 간을 맞춰준 후 바글바글 끓여주세요. 고기를 넣은 후에는 오래도록 끓이는 게 더욱 깊고 진한 맛이 난다고 하지만, 콩나물을 넣은 후에는 너무 오래 끓이면 콩나물이 너무 숨이 죽어 아삭함이 사라져 싫더라고요. 여기에 대파와 매운고추, 홍고추를 넣어 한소끔 더 끓인 후 부족한 간은 소금을 해줍니다. 마지막으로 들깨가루를 넣어 구수함을 더해주었어요. 부드러운 두부도 숟가락으로 뚝뚝 떠 넣어 주고 말이죠.","콩나물, 두부, 돼지고기, 대파, 청양고추, 청양고추, 고춧가루, 멸치액젓, 다진마늘, 들깨","['1봉지(300g)', '1모', '120g', '2대', '1개', '1개', '5큰술', '3~4큰술', '1큰술', '4큰술']"
88,바지락순두부찌개,찌개,6인분 이상,"생바지락은 흐르는물에 바락바락 씻어 소금물에 담가 해캄한다. 순두부는 1봉 준비한다. 팽이버섯은 밑둥제거 2등분하고, 대파 크게 어슷썰기, 양파 굵게채썰기, 두부1cm두께, 애호박 반달모양썰기 해서 준비한다. 계란은 대충풀어 준비한다. 냄비에 중량의 참기름을 두르고 물기뺀 바지락을 넣어 달달 볶아준다. 바지락이 익는소리가 나면, 불을 줄이고 중량의 고추가루를 넣어 볶아준다. (불이 쎄면 고추가루 탐) 바지락과 고추가루가 잘 섞이면, 중량의 물을 넣고 센불에서 팔팔 끓인다. 바지락이 입을 벌리면 준비한 재료들을 모두넣어준다. 애호박이 투명해지면 순두부와 계란, 중량의 소금, 다진마늘, 미원을 넣고 팔팔 끓여 완성한다.","바지락, 양파, 애호박, 두부, 대파, 페페론치노, 계란, 순두부, 물, 참기름, 고춧가루, 소금, 다진마늘, 미원","['3줌', '1/2개', '1/3개', '1/2모', '1뿌리', '1봉', '4개', '400g', '2L', '1큰술', '4큰술', '1큰술', '1큰술', '1/2작은술']"
89,우렁된장찌개,찌개,3인분,"재료는 세척후에 손질해주세요 우렁이는 밀가루+소금으로 바락바락 문질러 흙내를 제거해주고 물과 소주(맛술,청주등)를 넣고 살짝만 데쳐주세요 쌀뜬물에 무를 넣고 끓여주세요 *무가 딱딱하니 무를 먼저 끓여주세요 시판된장과 집된장을 섞어서 사용했어요^^ 무가 익으면 된장을 풀고 우렁, 두부, 청양고추를 넣고 끓여주세요 어느정도 끓어오르면 액상조미료1을넣고 팽이버섯을 넣어주세요 약간 매콤한맛이 덜한듯하여 고추가루를 넣어주었는데요~ 이건 취향껏 넣어주시면 된답니다^^","무, 팽이버섯, 양파, 우렁, 청양고추, 두부, 된장, 된장, 고춧가루, 다시다 육수, 쌀뜨물","[1, 1, '1/2개', '1줌', '1개', '1/2모', '1', '1/2', '약간', '1', 1]"
90,잡채,메인반찬,3인분,"소고기는 만능간장을 조금 넣고 조물조물해서 숙성을 시켜주세요~~ 고기가 재워주는동안 다름재료들을 준비해주시구요~~ `당근,양파는 적당한 크기로 잘라서 약간에 소금을 넣고 볶아주세요 버섯은 소금에 살짝 졀인후에 꼭짜서 볶아주시구요~~ 이제는 고기도 볶아주셔야겠지요 만능간장에 재워서 고기에 간이들어 잡채를 만들었을때 한결 맛이 있답니다~~  이제는 잡채를 삶아주세요 빠른시간에 만드시려면 미리 찬물에 불려서 사용하셔요 잡채가 거의 익었을때 올리브유등을 한스푼정도 넣고 삶아주시구요 기름이 코팅작용을하여 잡채가 빨리 불지를 않는답니다~~ 준비한 모든재료들을 넣고 참기름약간 깨소금듬뿍 마늘 만능간장을 넣고 무쳐주세요 처음 야채를 볶을때 소긍을 넣고 볶아주었기에 만능간장만 넣고 무쳐도 되구요 야채 볶을때 소금을 넣지 않았으면 만능간장 3에 진간장1을 기준으로 하여 무쳐주세요 ","당면, 간장, 소고기, 양파, 당근, 버섯, 참깨, 고구마줄기","[1, 1, 1, 1, 1, 1, 1, 1]"
91,제육볶음,메인반찬,2인분,"먼저 양배추, 파, 양파는 먹기 좋은 크기로 썰어주세요. 양파는 채썰고 파는 송송, 양배추는 취향대로 썰어주세요. 준비된 양념을 고기에 넣어 버무려 주세요!! 팬에 기름을 두르고 양념한 고기를 넣고 익혀주세요. 자르지 않은 고기는 구우면서 익었을 때 잘라줍니다. 고기가 어느정도 골고루 익으면 파, 양파, 양배추를 넣고 볶습니다.","돼지고기, 양파, 파, 양배추, 고추장, 고춧가루, 간장, 설탕, 맛술, 후추","['500~600g', '1개', '2줌', '100g', '3~4T', '2T', '2T', '1.5T', '1T', '톡톡']"
92,오징어볶음,메인반찬,3인분,다듬어진거 샀구요집에와서 씻으면서 껍질 벗겼어요 작게 작게 썰어주어요 밥에 비벼먹을거라서요 오징어 양파 다진마늘 넣고 간장 올리고당 굴소스 매실원액 넣고 센불에 볶아줍니다 오징어랑양파가 익은거 같으면 고춧가루 참기름 깨를 넣고 살짝더 볶아주면 됩니다 이렇게 만들어 밥에 쓱쓱 비벼 먹는다죠,"오징어, 양파, 다진마늘, 간장, 굴소스, 올리고당, 고춧가루, 깨, 매실액, 참기름","['3마리', '1/4개', '1/3T', '2T', '1T', '2T', '1/3T', '0.5T', '1T', '0.5T']"
93,갈치조림,메인반찬,2인분,"재료를 준비한 다음, 다시물재료를 넣고 물이 끓어오르면 다시마를 건져내고 불을 줄여 10분이상 끓이다가 걸러주세요. 갈치의 내장을 제거한 뒤 비늘을 살짝 긁어낸 후 깨끗이 씻어 밑간재료를 뿌려 10분정도 재워주세요. 감자는 1센티 두께로 썰고, 양파는 굵게 채를 썰어주고 대파와 붉은고추, 청양고추는 어슷하게 썰어주세요. 냄비에 감자-양파-갈치-양념장을 순서대로 넣은 후 다시물 1+1/2컵을 넣고 뚜껑을 열고 강불에서 10~15분 정도 끓여주세요. 감자가 다 익으면 불을 중불로 줄이고 대파와 붉은고추, 청양고추를 넣고 1~2분정도 더 끓여주세요.","갈치, 감자, 양파, 대파, 청양고추, 청양고추, 맛술, 소금, 물, 멸치, 다시마, 건새우, 고춧가루, 간장, 설탕, 맛술, 다진마늘, 생강, 후추","['5토막(1마리)', '2개', '1개', '1대', '1개', '1개', '1큰술', '1꼬집', '5컵', '10마리', '1장(6x6)', '1줌', '3큰술', '4큰술', '1큰술', '2큰술', '1큰술', '1큰술', '약간']"
94,소불고기,메인반찬,4인분," 소불고기감은 550g이 넘었는걸 사왔어요. 키친타월로 핏물을 제거하고 설탕 1큰술을 넣고 토닥토닥 재워줍니다. 불고기 할 때마다 쓰지만... 연육 과정으로 고기가 부드럽고 양념이 잘 스며든다고 하죠.  양파, 당근, 쪽파를 썰어서 준비했습니다. 넣을만한 재료가 이거뿐이라.... 오늘은 버섯이 없어서 패스~   당면은 찬물에 불려줍니다.   간장 6T, 올리고당 1T, 맛술 2, 매실액 2T, 참기름 2T, 후추를 넣어 양념을 만들었습니다.   소불고기에 양념을 부어주고 양파만 넣고 조물조물 무쳐줍니다.   밀폐용기에 넣어서 냉장고에 하루 넣었다고 구워드시면 양념이 스며들어서 맛있게 소불고기를 해서 드실 수 있답니다.   하루 더 있다가 구워 먹으려고 했는데 저녁에 아들이 먹고 싶다고 해서 구워주려고 꺼냈어요. 위에 사진과 아래 사진을 비교하려고 찍어놓았어요. 하루 동안 재운 것이 색이 더 진하죠?   재워놓은 소불고기가 있으면 구워 먹는 건 참~ 쉽죠. 팬에 고기를 넣고 당근이랑 물을 좀 넣었어요. 우리집은 국물이 있는 걸 좋아해서 자박하게 했어요. 고기가 익으면 불린 당면을 넣고 볶다가 불을 끄고 쪽파를 넣어줬습니다. ","소고기, 양파, 당근, 쪽파, 당면, 간장, 올리고당, 맛술, 매실액, 참기름, 후추","['550g', 1, 1, 1, '1T', '6T', '1T', '2T', '2T', '2T', 1]"
95,수육,메인반찬,2인분,"덩어리 채 얼려두었던 것을 해동해서 썰어줍니다 제가 스스로생각해도 늘 얼렁뚱땅해서 새로운 요리를 만드는제가 신기합니다 ㅋㅋㅋㅋ 재료 집안에 있는 모든 야채,S 오늘 있는 야채는 브로콜리,50그램 파프리카 1개,양파 1개 수육 300그램,고추 3개 마늘4쪽, 스리랏차3큰술 ,생간 간장 3큰술(없으면 맛간장으로) 녹말물 2큰술, 참기름 1/2큰술,후추가룻 약간 일단 열 올린 팬에 기름을 두르고 마늘 넣고 볶아서 향이 오르면 돼지수육을겉면이 노릇하게 살짝 볶아줍니다 냉장고 안에 쉬고 있는 야채 몽땅 꺼내와 함께 달달 볶다가 생강간장과 스윗트 칠리와 함꼐 마구 버물리듯 볶은 후 녹말물 2스푼 넣고 휘리릭 참기름과 후추로 마무리 지어줍니다 아삭이 고추를 듬뿍넣어주었더니 식감도 좋고 돼지수육과 잘 어울리는 맛^&^","브로콜리, 파프리카, 양파, 돼지고기, 고추, 마늘, 스리라차소스, 생간, 간장, 녹말가루, 참기름, 후추","['50g', '1개', '1개', '300그램', '3개', '4쪽', '3큰술', 1, '3큰술(없으면 맛간장으로)', '2큰술', '1/2큰술', '약간']"
96,돼지갈비찜,메인반찬,6인분 이상,"돼지갈비는 서너시간 물을 갈아 주면서 피물을 빼 줍니다. 배, 양파는 갈아서 걸러주고 마늘과 생강은 갈아 주세요.대파는 송송송 썰어서 넉넉하게 준비 합니다. 배,양파는 물을 3컵 넣어 곱게 갈아주고, 고운체에 걸러 줍니다. 저는 생강이 없어서 생강가루를 넣었는데 생강을 갈아 넣어 주는게 더 좋은거 같아요. 분량의 양념장 재료로 양념장을 만들어 줍니다. 송송 썰어 놓은 대파도 듬뿍 넣어주시구요. 핏물을 빼고, 물기를 쏙 빼준 갈비를 양념장에 버무려 줍니다. 김치냉장고에서 하루이상 숙성시켜 주는게 고기도 부드럽고 맛이 좋아요. 무한토막, 당근, 감자,인삼,대추를 준비 했어요. 마른표고버섯을 불려 물과 표고버섯까지 모두 사용하시면 감칠맛이 좋아요. 재워 놓은 갈비와 물반컵, 무,대추,인삼을 넣고 30분정도 끓여 줍니다. 갈비가 반쯤 익으면 당근, 감자를 넣고 끓여 줍니다. 감자가 다 익을때까지... 갈비찜은 약불로 한시간 정도면 잘익은 부드러운 갈비찜 맛을 볼수 있지요.","돼지고기, 간장, 간장, 맛술, 설탕, 생강, 다진마늘, 배, 양파, 참기름, 후추, 물, 대파, 감자, 무, 당근, 인삼, 대추, 표고버섯","['5kg', '2컵', '1/2컵', '1컵', '1컵', '1수저', '1/2컵', '1개', '3개', '5수저', '1/2수저', '3컵', '2~3컵', '1개', '1토막', '1토막', '조금', '3알', '2장']"
97,치킨,메인반찬,4인분,"닭도리탕용 한팩, 닭다리한팩, 닭똥집한팩을 준비해주세요 불이 약해 기름의 온도를 높이기위해서는  닭을 손질하기에 앞서 기름을 먼저 올려 끓여주세요 닭은 흐르는물에 한번씩 헹궈주고, 닭다리는 잘 익도록 칼집을 한번내어주세요 닭똥집은 굵은소금 팍팍 뿌려 빨래빨듯이 빠득빠득 비벼서 흐르는물에 헹궈주세요 치킨 튀김가루 3컵, 카레1/3컵, 물1컵 (종이컵기준), 소주1/4병을 넣어서  알갱이가 없도록 곱개 개어주세요 기름의 온도를 측정하기위해 튀김옷을 한방을 떨어트려봐서 뭉쳐져 떠오르면 튀길수있는 온도가 된거예요 튀김옷을 입혀 1차 튀겨 건져주세요 닭다리 6분 / 닭한마리 5분 / 똥집 3분 가량 앞뒤로 돌려주면서 1차 튀겨주세요 2차로 한번더 튀겨주세요 달다리 5분 / 닭한마리 4분 / 똥집 2분 가량 노릇하게 튀겨주세요","닭고기, 닭다리, 닭똥집, 치킨튀김가루, 카레, 소주, 물","['1마리', '5개', '1팩', '3컵', '1/2컵', '1/4병', '1컵']"
98,불고기,메인반찬,2인분,"한우불고기를 먹기 좋은 크기로 쭉쭉~ 찢어주시구요 팽이버섯 2봉지, 느타리버섯 한팩도 손질해 둡니다. 양파즙 1봉, 간장 6, 다진마늘 1, 매실청 2.5 후추가루 0.3, 꿀 1.5, 참기름 2 비율대로 넣고 양념장을 만들어주세요. 준비해둔 한우불고기에 양파반개를 썰어서 넣고 양념장을 부어줍니다. 국물이 자작자작 생겨날때 버섯을 넣고 볶아줍니다.","돼지고기, 양파, 팽이버섯, 느타리버섯, 간장, 다진마늘, 매실청, 후추, 꿀, 참기름","['330g', 1, 1, 1, 1, 1, 1, 1, 1, 1]"
101,골뱅이무침,메인반찬,3인분,"먹기 몇시간 전에 골뱅이 400그람 1캔 기준으로고추장2 설탕4 고추가루4 다진마늘2 식초10 큰술을 섞어서 숙성시켜요.식초때문에 먹기 직전에 만들면 시어요 소면은 500원짜리 동전크기만큼 끓는 물에 넣고 끓어오르면 찬물을 반 컵 넣어 주세요. 다시 팔팔 끌어오르면 또 찬물을 반 컵 넣어 주세요. 또 다시 끓어오르면 불을 끄고 찬 물에 담가 바로 식혀 주세요. 소면에 참기름 1T, 간장 1T 밑간을 해주세요. 그리고, 골뱅이 미나리 슬라이스한 양파, 사과 등등의 채소를 있는대로 진미채는 물에 불려서 물기 꼬옥짜서 숙성된 양념과 무치는데 무칠때 참기름 2T, 깨소금 왕창 해서 같이 무쳐요~~","골뱅이, 미나리, 양파, 사과, 진미채, 참기름, 소금, 소면, 참기름, 간장, 고추장, 설탕, 고춧가루, 다진마늘, 식초","['400g', '1줌', '1/2개', '1/4개', '1컵', '2T', '왕창', '500원동전크기', '1T', '1T', '2T', '4T', '4T', '2T', '10T']"
102,닭갈비,메인반찬,4인분,"닭갈비에 껍질은 기호에 맞게 벗기시거나 그냥 사용하셔도 됩니다. 잡내를 잡기위해 우유나 맛술에 버무린후 10분정도 숙성시켜주세요. 고구마와 대파는 미리 썰어 준비해 놓습니다. 닭갈비에 맛술을 제외한 분량에 양냠들을 모두 넣고 손으로 조물조물 버무린후 냉장고에서 20분 정도 숙성시켜주세요. 웍이나 깊은 팬에 닭갈비를 넣고 중불에서 10분정도 볶아줍니다. 가스불이 너무 강하면 양념이 탈수있으니 꼭 중불에서 볶아주세요! 고기를 먹기 좋게 자르고 썰아놓은 고구마를 넣고 다시 5분정도 볶으세요. 고구마가 다 익었는지 확인후 대파를 넣고 볶으세요. 그 사이 납작당면이나 우동면,라면사리,떡복이등 기호에 맞는 사리들은 끓는 물에 충분히 익힌후 닭갈비에 넣어 모든 재료와 양념이 어우러질수있게 충분히 볶으며 섞어줍니다. 모짜렐라 치즈를 뿌리듯 올리고 뚜껑을 닫은후 약한불에서 치즈가 녹을때 까지만 기다려 주세요. 마지막으로 파슬리 가루 솔솔~뿌려주면 치즈가 쭉~늘어나는 닭갈비 완성!","닭고기, 고구마, 대파, 모짜렐라치즈, 당면, 다진마늘, 고춧가루, 올리고당, 개복숭아, 간장, 맛술, 카레, 설탕","['1.5kg', '200g', '100g', '300g', '100g', '1/4cup', '1/3cup', '1/4cup', '1/4cup', '1/3cup', '1/4cup', '1tbsp', '1tbsp']"
103,순대볶음,메인반찬,3인분,"양배추는 깍둑썰고 양파는 채 썰어 준비해 주세요. 대파와 청양고추는 어슷 썰어주세요.당면 사리를 넣으실 분들은 미리 물에 불려주세요. 순대도 어슷 썰어 준비해 주세요. 분량의 양념을 섞어서 만들어 주세요. 기름 두르지 않은 팬에 양배추, 양파, 대파, 청양고추, 양념을 넣어주세요. 센 불에서 볶아주세요. 양배추 숨이 죽기 전에 쫄면 사리를 넣어 타지 않게 볶아주세요. 양배추가 숨이 죽을 때쯤, 쫄면이 살짝 익을 때쯤 썰어놓은 순대와 불려놓은 당면 사리를 넣고 5분간 볶아주세요. 저는 당면 대신 떡사리를 추가해 줬어요. 이때 너무 오래 볶으면 순대가 다 터질 수 있으니 주의해 주세요. 불을 끄고 참기름과 깨를 넣고 섞어준 뒤 깻잎으로 데코 해주세요.","순대, 양배추, 양파, 대파, 청양고추, 쫄면, 당면, 참기름, 깨, 깻잎, 간장, 다진마늘, 고추장, 설탕, 후추, 고춧가루, 들깨, 물","['1줄', '1/4통', '1/2개', '1대', '3-4개', '1인분', '1인분', '1/2큰술', '약간', '3~4장', '2큰술', '1큰술', '1큰술', '1작은술', '약간', '2작은술', '4큰술', '50ml']"
104,떡갈비,메인반찬,2인분,떡갈비는 손으로 이쁘게 동글동글 만들어 줬어요. 그리고 후라이팬에 올려서 익혀줘요. 잘 익은 야미떡갈비는 채소위에 올려 먹을 준비만 하면되요.,"떡갈비, 샐러드야채","[1, 1]"
105,탕수육,메인반찬,4인분,"돼지고기 등심을 손가락 굵기로 썰고 소금, 후춧가루로 밑간을 한다. 양파와 당근, 오이는 먹기 좋게 썰어주고 목이버섯은 물에 불려 한입 크기로 떼어낸다. 돼지고기에 감자전분을 묻힌 다음 물을 천천히 부어주면서 튀김옷을 입혀준다. 돼지고기에 감자전분을 묻힌 다음 물을 천천히 부어주면서 튀김옷을 입혀준다. 달군 팬에 요리유를 두르고 양파, 당근, 목이버섯을 센 불에서 1분간 볶은 다음 백설 탕수소스를 부어 40초간 끓여준다. 튀겨진 고기와 재료들을 잘 버무려 그릇에 담는다.","탕수육소스, 돼지고기, 식용유, 전분, 당근, 양파, 목이버섯, 오이, 물","['1 봉', '300 g', ' 약간', '100 g', '1/4 개', '1/3 개', '2 장', '1/4 개', '1/2 컵']"
106,마파두부,메인반찬,2인분,"두부, 대파, 파프리카(설탕대체했어요), 다진마늘 양파, 쪽파 (필수아님) , 된장, 고추장, 고춧가루찹살가루 (녹말 대체) , 참기름, 굴소스1T,소고기 간것 100g ( 돼지고기 없어서요.) ,뜨거운물, 후추 준비해 주세요. 펜에 올리브유 넉넉히 두르고 마늘, 양파, 대파 썰은 것을 넣고 사진처럼 될 때까지 열심히 볶아 주세요. 노릇해지면 고춧가루를 넣어주세요. 볶다가 고기, 후추를 넣어주세요. 고기가 잘 볶아지면 뜨거운 물 1컵을 부어 주세요.  물을 붓고 난 후 된장 고추장 한 스푼씩(어른 밥 수저 1스푼) 넣고 저어 주세요. 뜨거운 물을 부어야 맛이 살아 갑니다.  끓기 시작하면 두부와 파프리카를 넣어주세요. 끓어오르면 찹살가루를 차가운 물(두 스푼)에 조금 개어서 넣고 저어주세요. 그리고 취향대로 간을 해주세요. 두부가 망가지지 않도록 조심히 저어주세요. 마지막으로 참기를 3방울과 쫑쫑 썰어놓은 쪽파를 넣고 저어주시면 끝!!","두부, 대파, 파프리카, 다진마늘, 양파, 쪽파, 된장, 고추장, 고춧가루, 찹쌀, 참기름, 굴소스, 소고기, 물, 후추","['1모', 1, 1, 1, 1, 1, 1, 1, 1, 1, 1, '1T', '100g', '2스푼', '약간']"
107,돈까스,메인반찬,2인분,"양파와, 피망은 같은 크기로 채 썰고, 청, 홍고추는 잘게 송송 썰어 준비해주세요. 달궈진 팬에 오뚜기 식용유를 살짝 두르고, 양파와 피망을 넣어 양파가 숨이 죽을 때까지 볶아주세요. 양파가 어느 정도 숨이 죽으면 물을 붓고 양송이 스테이크소스와, 바베큐소스 매운맛을 넣고 센 불에 끓여주세요. 소스가 어느 정도 걸쭉해지면, 잘게 썬 청, 홍고추를 넣어 약 1분간 끓여 준비해주세요. 달궈진 냄비에 오뚜기 식용유를 적당히 붓고 약 170 ~ 180℃ 정도로 가열해주세요. 냉동상태의 등심 돈까스를 그대로 넣고 약 4-5분간 골고루 튀겨주세요. 노릇노릇하게 골고루 튀겨지면 먹기좋은 크기로 잘라 4.의 소스와 함께 끓여 완성합니다.","돼지고기, 바베큐소스, 스테이크소스, 식용유, 양파, 피망, 피망, 고추, 청양고추, 물","['2인분', '4큰술', '4큰술', '약간', '1/2개', '1/2개', '1/2개', '1/2개', '1/2개', '150ml']"
108,월남쌈,메인반찬,1인분,크래미 치즈 월남쌈 준비해 주시고 월남쌈 미지근한 물에 적셔 치즈 3등분이나 4등분해서 월남쌈 위 올리고 크래미도 올려줍니다 치즈와 크래미가 감싸 지도록 올리브유를 두르고 예열된 팬에 월남쌈을 올려주세요 앞 ᆞ뒤 노릇 노릇하게 구워 접시에 담아 내심 끝,"크래미, 크림치즈, 라이스페이퍼, 올리브유","['7개', '3', '7', '적당히']"
109,구이,메인반찬,2인분,머리와 내장을 제거한 새우를 꼬지에 꽂은후 허브맛솔트를 뿌려 밑간을 해줍니다. 팬에 올리브유를 두르고 마늘과 생강을 다져 향을 내줍니다. 마늘향이 우러나면 여기에 고춧가루를 소량 넣어 볶습니다. 타지않게 약불로 볶으신후 새우를 넣어 붉은색이 나도록 앞뒤로 굽습니다. 허브맛솔트로인해 간이 되었지만 좀더 간을 세게 하고 싶으신분들은 소금을 약간씩 뿌려주셔도 좋아요.,"새우, 허브맛솔트, 마늘, 고춧가루, 올리브유","['8마리', '약간', '1작은술', '1/4작은술', '2~3큰술']"
110,찜닭,메인반찬,1인분,"닭가슴살이나 허벅지살 정육 125g을 녹여서 먹기 좋은 크기로 잘라주세요 전날에 닭가슴살에 진간장 3T, 설탕2.5T, 참기름1T, 마늘가루(간마늘)1t, 생강가루 0.5t, 맛술 1T, 소금1꼬집, 다진 파 2줌 넣고 재워주세요 *맛술 대신 다시다 1꼬집 넣어주셔도 좋아요 감자 100g을 먹기 좋은 크기로 썰어주세요. 1cm이하 두께로 썰어주시면 감자가 푹 익을 수 있어요 *감자대신 고구마 넣으셔도 좋아요 다음날 감자 100g썬것과 닭고기 재운 것과 양념 모두, 표고버섯2개 썬 것, 청양고추 조금을 밥솥에 넣고 물 100ml(100g) 넣고 재가열 9분 해주세요 당면 30g을 잘라 밥솥 아래에서 국물에 푹 잠기게 하고 다시 재가열 9분 해주세요 당면이 익고 국물이 조금 쫄아들수 있게 재가열 후 5분 정도 뜸들였다가 열어주세요","닭고기, 감자, 표고버섯, 당면, 청양고추, 물, 간장, 설탕, 마늘, 생강, 대파, 맛술, 참기름, 소금","['125g', '100g', '2개', '30g', '약간', '100ml', '3T', '2.5T', '1t', '0.5t', '2줌', '1T', '1T', '1꼬집']"
111,콩나물불고기,메인반찬,3인분,준비해두 양념을 섞어섞어서 30분정도 숙성 시켜줬어요 그리고 야채를 준비해줘요  대패삼겹살은 한봉지에 한근기준으로 들어가있다고 하시네요 후라이팬에 하면뒤집기가 힘들어 그래서 웍에다 옮겼네요 콩나물 삼겹살 파채 양파 깻잎 올리고 양념에 물이나 멸치육수 조금만 넣어서 묽은 양념을 부워줍니다 그리고 쌘불에 볶아볶아볶아주면 끝납니다요 쉽죵~~ 접시에 담아내서 맛나게 먹음 돼욤,"돼지고기, 양파, 깻잎, 대파, 팽이버섯, 고추장, 고춧가루, 다진마늘, 간장, 올리고당, 매실청, 굴소스, 참기름, 생강, 후추","['1근', '1개', '6장', 1, 1, '1T', '3T', '1T', '2T', '1T', '1T', '1T', '1T', 1, 1]"
112,두부김치,메인반찬,4인분,저희집 김치전 완전 간단해요 김치한폭 잘게 잘라다져주세요 부침가루는 냉수와함께 잘풀어주세요(설명서에 나와있는 물의양보다 조금더 적게) 걸죽하게 해주시고 거기에 김치 계란한개 김치국물 1국자 넣고 섞으면 됩니다 그리고 크게 하지않아요 작게합니다 아가들도 먹을거라 어른수저 한스푼씩 떠서 만들어요 식용유 두르고 중불에서 튀기듯 해요 두부는 뜨거운물에 반으로 잘라서 미리 데펴두고요  후라이펜에 식용유 두르고 양파랑김치 넣고 볶아주세요  김치가 좀익었다싶으면 올리고당 들기름 넣어 마져 볶아주세요 데펴진 두부도 잘라주고용 같이 볶음김치올리고요 김치부침개도 접시에 담아냅니다 비오는날 참좋은 간식 이라죵~ 부침개속에 피자치즈가루 언져주면 김치피자 됩니다요  요건 레시피 올려진거 있어용,"김치전, 김치, 부침가루, 물, 계란, 김치, 두부, 두부, 김치, 양파, 들기름, 올리고당","[1, '1포기', 1, 1, '1개', '1국자', 1, '1개', '1포기', '1/2개', '1T', '1T']"
113,주꾸미볶음,메인반찬,1인분,"주꾸미볶음을 만들기 위해 주꾸미를 손질해야 하는데요... 가위로 주꾸미를 사진처럼 잘라 내장을 잘라내고... 뒤집어 흡입빨판 까지 제거해 줍니다...  그리고 밀가루를 넣고 바락바락 주물러 빨판사이의 뻘을 제거해주고.. 찬물에 여러번 헹궈주고, 체에올려.. 물기를 빼줍니다... 양념재료는 30분정도 전에 모두 섞어 양념끼리 잘 섞이게 해주는게 좋아요.. * 야채는 적당한 크기로 잘라주고.. 다른것보다 크기가 좀 큰 주꾸미를 적당한 길이로 잘라주고요... * 기름을 두르지 않은 팬에 청주를 1큰술 넣고 주꾸미를 넣어 볶아준다음 팬에 생긴물은 따라내줍니다.. 그리고 바로 야채를 넣고 볶아 주지요... 기름은 두르지 않아도 되요.. 야채와 주꾸미가 섞여 볶아지고 있을때 양념을 넣고 고루 섞어 볶아주지요.. 야채는 그렇게 푹...익도록 볶지 않고... 아삭한 맛에 먹어도 좋아요 ~ 이렇게 하면 주꾸미를 볶았는데 물이 왜그렇게 생기느냐...의 문제점은 전혀 생기지 않아요... 계속해서 통깨와 참기름을 두르고 마무리 하면 주꾸미볶음 완성 입니다...","주꾸미, 밀가루, 당근, 양파, 청양고추, 대파, 고춧가루, 고추장, 간장, 물엿, 다진마늘, 생강, 매실액, 후추, 참기름, 참깨","['7마리', '1+1/2큰술', '1/2개', '1/2개', '1개', '1/2대', '2큰술', '1큰술', '2큰술', '2큰술', '1작은술', '1큰술', '2큰술', '1g', '1작은술', '조금']"
114,낙지볶음,메인반찬,2인분,"*재료 준비 사진이 없어요. 죄송합니다ㅠㅠ 레시피는 자세히 적어놨어요! 1. 낙지는 내장과 눈알, 입을 제거해 주시고 밀가루 2큰술과 굵은 소금 1/2큰술을 넣어 깨끗하게 씻어주세요. 2. 낙지는 끓는 물에 10초간 데쳐 찬물에 헹궈주세요. 3. 낙지는 10cm 크기로 썰어주세요. 4. 양파는 굵게 채 써고, 당근은 반 갈라 1.5cm 두께로 납작하게 썰어주세요. 양배추도 당근과 같은 크기로 채 썰고 대파와 청양고추는 얇게 송송 썰어주세요.센불 5. 넓은 팬에 올리브유를 두르고 미리 썰어 놓은 채소를 1분 정도 볶다가 양념장을 넣고 잘 섞어주세요. 6. 채소와 양념장을 넣은 팬에 낙지를 넣고 센 불에서 재빠르게 볶아주세요. 물기가 생길 수 있으니 단시간에 재빨리 볶아주세요! 7. 2분간 볶아준 뒤, 대파와 청양고추, 참기름, 통깨를 넣어 마무리하면 완성입니다.","낙지, 대파, 양파, 당근, 양배추, 청양고추, 청양고추, 밀가루, 소금, 고추장, 고춧가루, 다진마늘, 미원, 매실청, 설탕, 간장, 참기름, 후추, 참깨","['3마리', '1대', '1개', '1/5개', '1/6개', '2개', '1개', '2큰술', '1/2큰술', '1큰술', '4큰술', '1큰술', '1큰술', '1큰술', '1큰술', '2큰술', '1큰술', '적량', '적량']"
115,소갈비찜,메인반찬,2인분,"소갈비를 30분동안 물에 담궈 핏기를 뺍니다 기름기를 제거하고 칼집을 내 줍니다 소금 한 꼬집, 후추 약간을 넣고 1차로 확 끓여서 쇠고기의 기름기를 제거합니다. 끓이는 동안 야채 준비! 무우 듬성하게 썰고 밤, 대추, 당근, 깐마늘,  매콤하게 청량고추도 준비합니다. 사과1개, 배1/2, 양파1개를 갈고,  (설탕 대신 야채로 단맛을 냅니다) 진간장 5큰술, 매실액 1큰술을 넣고 (더 단맛을 원하실때는 설탕 1t 추가) 한 소끔 끓인 물을 버리고 소갈비만 건져내어 무우와 대추, 갈비, 양념을 넣고  센불로 15분 끓입니다. 밤과 나머지 야채를 넣고 20분 약불로 끓입니다.  소갈비는 오래 지긋하게 쪄야 부드러워 집니다~ 마지막 깨를 뿌려 완성합니다","소고기, 대추, 사과, 무, 당근, 간장, 후추, 매실액","['1kg', '10개', '1개', '1/3', '1개', '5t', '약간', '1t']"
116,코다리조림,메인반찬,3인분,냉동 포장된 코다리 2kg네요. 여기서 반만 사용합니다. 3마리정도 되는 양입니다 손질 필요없지만 그래도 쓸개즙이 묻은 녹색 부분을 잘라내주세요. 우선 육수를 내줍니다. 물 500ml입니다. 자작하게 드시고프면 물량 줄여주세요 육수내는 동안 위 모든 양념 섞어주시고요 무우를 좋아해서 한토막. 대신 양파는 안 넣을려구요. 여러분은 넣으셔도 됩니다. 육수물에 같이 끓게 넣어주시고. 다시팩은 끓고나서 10분 정도면 빼주세요 무우만 조금더 익힙니다 무우위에 손질해둔 코다리 예쁘게 얹어주세요 믹스된 양념 반만 우선 사용해요 냄비에 반정도 잘 발라서 10분정도 익혀주세요. 중상불 정도입니다 이후 청량고추와 파를 넣고. 남은 양념 추가해주세요 남은 양념 다 넣어서 두껑다고 센불로 졸여 가며 끓여주세요 한번 끓이고 불을 껐습니다. 잠시꺼두면 무우에 양념이 더 잘 밸듯요 먹기전 데울때 국물의 량을 보시고 졸여주세요. 국물이 좀 많아졌지만(무우때문) 적당히 졸여서 먹습니다~^^,"코다리, 무, 양파, 청양고추, 파, 사골육수, 고추장, 고춧가루, 간장, 맛술, 물엿, 설탕, 다진마늘, 생강","['1kg', '1/10개', '1개', '3개', '약간', '400ml', '1T', '2T', '5T', '3T', '3T', '1T', '2T', '조금']"
117,전,메인반찬,2인분,야채들을 전부 작게 잘라줘요 반죽양념을 섞어 줘요 반죽에 야채들을 넣고 섞어요 기름을 두른 후 팬을 달구고 원하는 사이즈로 부쳐줘요,"밀가루, 찹쌀, 고추장, 된장, 고춧가루, 물, 깻잎, 부추, 고추, 청양고추","['1컵', '3스푼', '2스푼', '1스푼', '1작은스푼', '1컵', '10장', '1/4줌', '1/2개', '1/2개']"
119,피자,퓨전,2인분,"토마토소스와 모짜렐라치즈를 준비해주시구요.. 양파, 토마토, 햄, 양송이버섯, 피망, 올리브는 토핑으로 올릴건데요..먹기좋은 크기로 크지않게 잘라주세요. 도우를 얇게 밀어 스크린 팬에 얹고 소스를 발라주세요. (또띠아를 사용하서됴 돼요.) 준비한 토핑을 골고루 보기 좋게 얹어주세요. 모짜렐라 치즈를 듬뿍 얹어 예열된 오븐에 넣고, 200도 25분 정도 구워주세요.","밀가루, 스파게티소스, 모짜렐라치즈, 양파, 토마토, 햄, 양송이버섯, 피망, 올리브","[1, 1, 1, 1, 1, 1, 1, 1, 1]"
120,그라탕,퓨전,2인분,"소금 넣은 끓는 물에 라자냐를 삶는다. 시금치와 아스파라거스, 완두콩을 살짝 데쳐 식힌 뒤 시금치는 굵게 다진다. 프로슈토와 양파는 다지고 어린잎 채소는 씻어 물기를 뺀다. 생크림은 약한 불에 1~2분 졸여 농도를 낸다. 달군 팬에 올리브유를 두르고 프로슈토를 볶다가 양파, 완두콩, 시금치를 넣고 볶아 식힌다. 토마토에 소금과 후추를 약간씩 뿌려 구워둔다. 볶은 재료에 리코타 치즈와 파르마산 치즈, 빵가루, 소금, 후추를 넣어 섞는다. 라자냐 위에 올리고 돌돌 말아 카넬로니를 만든다. 내열용기에 토마토 소스를 깔고 바질을 얹은 뒤 카넬로니-생크림?토마토-나머지 토마토 소스 순으로 얹는다. 파르마산 치즈를 뿌려 170℃ 오븐에서 7~8분 정도 굽는다. 마지막으로 아스파라거스를 올려 장식한다.","라자냐, 소고기, 양파, 시금치, 아스파라거스, 생크림, 토마토, 리코타치즈, 파마산치즈, 빵가루, 바질, 스파게티소스, 올리브유, 소금, 후추, 완두콩, 새싹","['4 장', '20 g', '1 개', '20 g', '4 대', '100 ㎖', '1 개', '100 g', '50 g', '30 g', '5 g', '1/2 병', ' 적당량', ' 약간', ' 약간', '30g', '약간']"
121,퀘사디아,퓨전,1인분,"옥수수콘은 키친타올로 물기를 제거해주고 양파와 당근은 잘게 다져준다. 또띠아는 사진과 같이 1/4등분 해준다. 팬에 기름을 두른 후 양파와 당근을 넣고 1분간 볶아준다. 그리고 콘을 넣은 후 1분간 더 볶아준다. 올리고당 1바퀴 반, 마요네즈 1바퀴 반을 넣고 후추를 넣고 섞어준다. 또띠아를 반으로 접고 절반 위에 치즈를 약간 얹고 재료를 얹는다. 재료를 조금 넘칠정도로 넣어도 괜찮다. 팬에 기름을 약간 두른 후 또띠아를 접어서 올리고 약불에 구워준다. 치즈가 약간 녹으면 뒤집어서 2~30초 정도 구워준다.","또띠아, 양파, 당근, 옥수수콘, 올리고당, 마요네즈, 후추, 모짜렐라치즈","['1장', '1/3개', '1/5개', '1컵', 1, 1, '약간', '약간']"
122,떡볶이,퓨전,2인분,"먼저, 떡볶이떡을 물에 잠기도록 물 2컵을 부어줍니다. 간장 2스푼을 넣어줘요. 고추장 1스푼을 넣구요. 고춧가루 1스푼도 넣어요 그리고, 설탕2스푼을 넣어줍니다. (취향껏 가감하셔도되요~) 바글바글 끓여주면 완성","떡볶이떡, 간장, 고추장, 고춧가루, 설탕, 물","['2인분', '2스푼', '1스푼', '1스푼', '2스푼', '2컵']"
123,또띠아,퓨전,1인분,또따아 를 전자레인지 30초 달궈진 후라이펜에 버터 를 녹이고 계란 익히기 깻입뿌리고(익기전에) 덮기(죄송해요 사진을 못찌었어요ㅠㅠㅠㅠㅠ),"치즈, 또띠아, 계란, 접시, 원하는 재료, 깻잎, 설탕, 버터","['1개', '1개', '1개', '1개', 1, '적당양', '적당량', '조금']"
124,감자피자,퓨전,5인분,납작하게 썰어 주세요 찜기에 30분 익혀주세요 중간에 감자를 섞어주세요 젓가락으로 찔러서 익었으면 불을 끕니다 토핑 재료와 치즈를 준비합니다 토핑은 다양하게 활용해도 좋아요 익은 감자를 으깨주세요 밀가루를 넣고 반죽을 합니다 밀가루를 한꺼번에 다 넣지 말고 반죽을 해가면서 추가해주세요 반죽을 동그랗게 펴주세요 모짜렐라 치즈를 갈아주세요(강판이용) 닭가슴살을 잘게 썰어서 볶아주세요 양파를 잘게 썰어서 올리브유를 두르고 볶아주세요 데친 시금치는 잎 부분만 잘게 썰어 주세요 스팸을 잘게 썰어 주세요  볶을 때 나온 물은 빼고 닭살과 양파만 사용합니다 팬에 올리브유를 두르고 반죽의 반을 넣고 동그랗게 모양을 잡아준 다음 손 끝으로 얇게 펴줍니다 약불에 구워주세요 포크로 구멍을 냅니다 채망 위로 콩가루를 골고루 뿌려줍니다 바닥이 노릇해 지면 뒤집어 주세요 토마토 소스를 펴바르고 콩가루를 한번 더 뿌려줍니다 토핑 재료를 모두 넣어 주세요 (간을 하시려면 이때 소금과 후추를 뿌려 주세요) 모짜렐라 치즈와 슬라이스 치즈를 넉넉히 넣어줍니다 치즈가 녹으면 불을 끄고 갈아놓은 치즈를 솔솔 뿌려 주세요 감자로 만들어서 쫀득쫀득 도우가 도톰하여 한조각만 먹어도 든든합니다 노릇노릇 잘 구워졌어요 취향대로 소스를 곁들여 주세요,"감자, 양파, 닭고기, 스팸, 시금치, 피망, 모짜렐라치즈, 치즈, 콩, 밀가루, 스파게티소스","['8개', '1개', '1덩어리', '1/2개', '적당량', '적당량', '적당량', '2장', '적당량', '3컵', '5T']"
125,리조또,퓨전,1인분,"양파와 적양파는 다지고 가지와 애호박은 작게 썬다. 방울토마토는 꼭지를 뗀다. 달군 팬에 올리브유를 넉넉히 두르고 양파와 적양파를 볶다 돼지고기와 쇠고기를 넣어 볶는다. 고기가 어느 정도 익으면 애호박과 가지, 방울토마토, 소금 약간을 넣고 다시 한 번 볶는다. 방울 토마토 껍질이 벗겨지면 토마토소스와 물을 넣어 한 번 끓인 뒤 렌지에 데운 햇반을 넣고 저어가며 3분 정도 더 끓인다. 접시에 담고 바질로 장식해 마무리한다.","햇반, 양파, 양파, 방울토마토, 가지, 애호박, 돼지고기, 소고기, 물, 스파게티소스, 올리브유, 소금, 바질","['1 개', '30 g', '30 g', '3 개', '1/4 개', '1/6 개', '30 g', '30 g', '150 g', '240 g', ' 적당량', ' 약간', '약간']"
126,브리또,퓨전,2인분,"닭가슴살은 잔 지방을 떼어 주세요.후추,소금,올리브오일로 밑간 후라이팬에 기름두르지 않고 구워주세요. 단호박은 쪄서 으깬다음 견과류(해바라기씨,슬라이스 아몬드),올리고당 약간를 넣어서 버물리기 25cm또띠아에 단호박베이스, 양파을 순서대로 올리고 계란도 삶아서 슬라이스해서 올리기 적양배추도 채썰어서 (그냥도 잘라서 넣어 봤지만 식감이 별로) 구운닭가슴살을 올려줘요. 그런다음 예쁘게 둘돌 말아 주세요.","닭고기, 양파, 양배추, 계란, 아보카도, 해바라기씨, 아몬드, 단호박, 소금, 후추, 올리브유, 올리고당","['100g', '1/2개', '조금', '1개', '1/2개', '조금', '조금', '1/2개', '약간', '약간', '닭가슴살이코팅될정도', '약간']"
127,감자전,퓨전,2인분,감자는 껍질을 벗겨 강판에 갈아 채에 바쳐 물기를 살짝 제거했어요 편하게 하시려면 믹서에 갈아도 되지만 강판에 가는 것이 씹히는 식감이 더 좋은거 같아요 소금은 안넣었어요 갈아준 감자에 부침가루 2스픈과 부추 당근채 넣어 반죽을 합니다 중약불에 기름을 넉넉히 둘러 반죽을 한스픈씩 떠 올려 반죽 표면이 투명해지면 뒤집어 중약불로 조절하며 앞뒤로 노릇하게 구워주세요 고소하고 부드러운 감자전 아이들 간식으로 좀답니다,"감자, 부침가루, 부추, 당근, 소금","['4개', '2스픈', '1줌', 1, 1]"
128,라자냐,퓨전,2인분,"* 베샤멜 소스 만들기 밀가루와 버터로 루를 만들고 우유를 저어서 만드는 소스프라이팬에 버터 넣고 녹을 때 쯤 밀가루를 신속하게 섞어 주시고 우유를 천천히 나누어 뭉치지 않게 저어 줍니다 후추 소금으로 간해 줍니다.우유를 먼저 뜨겁게 해 주신 후 섞어 주면 더 좋습니다 토마토소스 만들기 전 라자냐 면을 삶아 줍니다 8분 정도 삶았어요~  삶아서 체에 식혀 주세요! * 토마토소스 만들기 집에 있는 야채들을 먹기 좋게 썰어서  시판용 소스를 부어 볶아 주면 끝 원래 라구 소스는 고기를 넣고 끓여야 하는데  일반 시판용을 사용했습니다. 일단, 오븐 170도 예열! 베샤멜 소스 → 라자냐 면 → 토마토소스 → 베샤멜 소스 → 모짜렐라 치즈 솔직히 순서의 의미는 없는 듯 합니다. 이제 예열된 오븐에 17분 구워줍니다! 완성! 정말 맛있어 보이죠?ㅎㅎ 크리스 마스파티때 라자냐 해서 온가족이 먹어 도 좋읗 것 같아요~","라자냐, 양파, 양송이버섯, 당근, 단호박, 스파게티소스, 버터, 밀가루, 모짜렐라치즈","['6장', '1/2개', '1주먹', '1/2개', '1/4개', '250g', '20g', '1T', '200g']"
129,베이컨말이,퓨전,2인분,공주님들 소풍가는날 주문 메뉴 베이컨 말이예요  준비해둔 재료들을 작게 작게 썰어서 준비해요 식용유를 두르고 볶아볶아주어요 야채들을 어느정도 익으면  국그릇에 가득 밥을 담아서 볶은 야채에 섞어요  거기에 굴소스 요리당 넣고  약불에 볶아볶아요 좀싱겁다 싶으면 구운소금으로 간해줘요 볶아진 볶음밥을 한입크기로 만들어 놓아요 베이컨에 만들어놓은 볶음밥을 말아말아요 후라이펜에 마무리 부분이 아래로 가게해서 놓고 약불에 구워요 살살 돌려가며 구워주면 완성 입니다  요걸루 오늘 공주님들 소풍 도시락 했네요,"애호박, 양파, 당근, 파프리카, 햄, 햇반, 버섯, 굴소스, 미원","[1, 1, 1, 1, 1, 1, 1, '2큰술', '1큰술']"
130,가지피자,퓨전,2인분,가지를 먹지 않는 아이들을 위한 엄마의 레시피 가지피자입니다. 가지를 반으로 길게 잘라주세요. 가지속을 수저를 이용해서 파낸다. 속을 파낸가지를 썰어주세요. 방울토마토를 잘라주세요.베이컨을 썰어주세요.양파를 썰어주세요. 볼을 이용해서 준비한 재료들을 모두 스파게티소스를 넣어서 버무려주세요. 속을 파낸 가지에 준비한재료들을 모두 가득히 넣어주세요. 모짜렐라치즈를 뿌리고 파슬리가루를 솔솔 뿌려서 에어프라이에 180도 10분간 조리해주세요. 가지피자가 완성되었습니다.,"가지, 베이컨, 양파, 방울토마토, 모짜렐라치즈, 스파게티소스","['1개', '100g', '1/2개', '10개', '50g', '5스푼']"
131,치즈김치전,퓨전,2인분,분량의 재료를 준비해서 날가루가 날리지 않도록 잘섞어줍니다. 세가지 재료를 모두 섞은 다음 되기를 조절하면서 물을 추가해주세요. 기름 두른 팬에 노릇하게 구워냅니다. 기름 바른 팬에 올려 치즈를 얹고 180도 정도로 예열된 오븐에서 10~15분 정도 치즈가 노릇할정도로 구워냅니다.(후라이팬에서 약불 한담에 바로 치즈 올려서 뚜껑덮어서 치즈 녹여주셔도 좋아요.) 항상 예찬하지만 치즈랑 김치는 넘 잘어울리는거같아요. 서로 고소하고 매콤한 맛을 유지하면서도 잘어울리는 느낌. 혼자만의 생각일수도 있습니다만.,"밀가루, 계란, 김치, 물","['1컵', '1개', '1줌', '적당량']"
133,에그슬럿,퓨전,2인분,"1. 양파를 최대한 얇게  썰어요.(그래야 수분이 빨리 날라가서 시간 단축을 할수 있어요) 2. 팬에 버터, 양파를 넣고 갈색이 날 때까지 볶아요 (이 정도 갈색은 미완성~ㅋ) 3.이 정도 갈색이 나야  분량대로 마요네즈와 스리라차를 섞어서  쪽파를 송송 썰어요 스크램블을 만들어요 스크램블이 거의 다  되어갈 즘 쪽파를 넣고 마무리 해요 빵을 반으로 자르고 위 아래 모두 소스를 발라요 아래 쪽 빵에 스크램블을 올려요 살짝 녹인 치즈를 올려요 카라멜라이징한 양파를 올려요","햇반, 치즈, 계란, 양파, 쪽파, 버터, 마요네즈, 스리라차소스","['2개', '2장', '3개', '1개', '2줄', 1, '2T', '1T']"
134,오코노미야끼,퓨전,2인분,"오늘 사용할 아이는 바로 오코노미야끼 키트. 제 돈주고 산 재료! 오코노미야끼 파우더와소스, 가쓰오부시가 있어요.마요네즈랑 양배추, 베이컨만 준비해 주세요 양배추만 채 썰어 넣으라고 했지만 전  양파도 넣었어요^^ 파우더 한봉지와 물 1한컵을 넣어주세요! 전 후추도 넣었어요 ㅎ  이제 미니팬에 기름을 두르고 달궈지면 중불에 올리고 잠시 기다려요. 뒤집기 전 위에 베이컨과  전 파도 조금 올렸어요^^ 뒤집어서 굽다가 다시 한번 뒤집으니 요렇게! 이제 접시에 담고, 데리야끼 소스를 발라주세요 듬뿍 바르고 나서 집에 있는 마요네즈를 뿌릴께요! 가쓰오부시 가루까지 뿌려주면! 맛있는 오코노미야끼 두판이 완성!!","부침가루, 베이컨, 마요네즈, 양배추","['1박스', '3줄', '약간', '1/8통']"
135,콘치즈,퓨전,2인분,재료들을 준비하고  청양고추와 양파는 적당한 입자로다져주세요. 볶아지면서 씹히는 맛이 있는게 좋으니 너무 곱게 다지실 필요는 없습니다. 칵테일 새우는 한줌정도.  젖어있다면 물기를 가능한 제거하여 팬을 예열하고 버터20g을 올려줍니다. (사진처럼 많이 XXXX) 밥숟갈 한숟갈 ~ 한숟갈 반정도면 충분합니다 버터가 골고루 퍼지면 다진 양파와 다진 고추를 넣어줍니다. 살짝 익을정도로만 적당히 볶아주신 후 스위트콘과 칵테일 새우를 넣어줍니다. 골고루 볶아주며 후추를 넣어 향을 더해줍니다. 버터와 스위트콘의 수분이 어느정도 졸여지면 마요네즈를 넉넉하게 뿌려줍니다. 마요네즈는 취향에 따라 더 많이넣으셔도 됩니다. 마요네즈와 나머지 재료들이 잘 섞였다면 불을 아주 약하게 해주시고 위에 모짜렐라를 잔뜩 뿌려줍니다. 뚜껑을 닫아 모짜렐라 치즈가 거의다 녹을정도로만 둬주시고 다 녹았다면 후추와 파슬리등을 뿌려 마무리 합니다.,"콘치즈, 버터, 양파, 청양고추, 마요네즈, 모짜렐라치즈, 칵테일새우, 후추","['1/2캔', '20g', '1/2개', '2~3개', '넉넉히', '넉넉히', '1줌', '약간']"
136,파닭,퓨전,2인분,"달고기는 껍질을 벗겨 사용했습니다, 소금, 청주, 후추뿌려 밑가해준후 물기를 제거해줍니다, 전분을 골고루 입혀 약 10분정도 놓아둔후 예열된 기름에 넣어 바삭하게 튀겨줍니다, 대파 채썰고 소스 재료 섞어 튀긴 달위에 대파와 홍고추 올리고 간장 소스 뿌리면 완성입니다,","닭고기, 전분, 식용유, 대파, 소금, 후추, 맛술, 간장, 레몬즙, 식초, 설탕, 고추, 청양고추","['500g', '1컵', '적당량', '3~4뿌리', '1/2작은술', '약간', '3큰술', '2큰술', '1.5큰술', '1큰술', '1큰술', '1개', '1개']"
137,감자채전,퓨전,3인분,"감자는 흐르는 물에 씻은 후 껍질을 제거해주세요. 감자는 채 썰어주세요. 슬라이스치즈를 준비합니다. 슬라이스치즈는 잘게 썰어서 감자에 넣어주세요. 찹쌀가루와 소금, 물을 조금만 붓고 골고루 섞어서 반죽을 만들어주세요. 달군 프라이팬에 식용유를 두르고 반죽을 떠 넣고 앞뒤로 노릇노릇하게 부쳐주세요.","감자, 찹쌀, 치즈, 물, 식용유, 소금","['5개', '4큰술', '2장', 1, 1, '약간']"
138,스테이크,퓨전,2인분,"제일먼저 요리를 시작하기 30분정도전에 스테이크를 냉장고에서 꺼내놓아주세요. 스테이크의 온도가 겉과 중간안쪽이 같지 않다면 중간쪽만 너무 많이 익어 버린답니다. 그다음 파프리카를 네모네모로 잘라줄게요. 파프리카 색을 여러가지로 해서 예쁘게 해줄게요 소시지는 동고랗게 잘라줄게요. 소시지를 좋아하시면 많이 별로 안좋아하시면 적게 넣거나 생략 가능하세요. 야채들을 다 자른 후, 스테이크에 후추 두꼬집과 소금 두꼬집으로 밑간을 해줄게요. 뿌려준후 토닥토닥 하듯이 두드려주세요. 팬을 달궈 놓고 살짝 연기가 나면 올리브 오일을 뿌려줍니다. 스테이크 팬이 달궈지는동안 다른 팬을 이용해 소시지를 구워 익혀줄게요. 소시지를 구운 팬에 파프리카와 아스파라거스를 구워 익혀주세요. 그 후, 스테이크를 팬에 올려주세요. 30초~40초 후 돌려서 반대쪽도 구워 줄게요. 옆면을 구울땐 팬을 기울여서 구워주세요. 올리브오일과 스테이크의 기름이 힘을 합쳐 더 맛나게 구워질거에요. 마늘두개를 대충 빻아서 넣어줄게요. 1분마다 스테이크를 뒤집어줄게요. 그럼 모든 부분이 동일하게 익는답니다. 오늘의 하이라이트! 버터를 넣어줄게요. 다시 팬을 기울여서 버터를 스테이크에 끼얹어주세요. 그다음 같이 구웠던 마늘로 스테이크의 표면에 칠해주어 풍미를 더해 줄게요. 이제 불을 꺼주고 접시에 담에 플레이팅을 해줄게요.","소고기, 아스파라거스, 파프리카, 소시지, 마늘, 올리브유, 버터, 후추, 소금","['2덩어리', '4개', '1/2개', '12조각', '4개', '듬뿍', '4조각', '4꼬집', '4꼬집']"
140,카레,퓨전,2인분,"야채는 집에 있는 거 최대한 넣어주면 된답니다. 원하는 취향대로 크게 썰어도 좋고 잘게 썰어도 좋아요! 브로콜리는 잘게 썰어서 끓는 물에 소금 넣어서 데친 다음 찬물에 헹궈서 준비하면 돼요. (데치지 않고 그냥 넣어주면 누렇게 된답니다) 냄비에 기름 두르고 감자, 당근, 양파 먼저 넣고 볶아주세요. 약간 코팅시켜준다는 느낌으로 3분 정도 볶아주면 된답니다. 어느 정도 볶아준 뒤 재료가 잠길 정도로 물 넣고 뚜껑 닫고 센 불에서 재료가 익을 때까지 끓여주세요. 재료가 다 익었을 때 마지막에 사과 넣어주세요. 약한 불로 낮춘 뒤 물에 풀어둔 카레가루 넣어주세요. 우유가 없다면 이대로 먹어도 좋겠죠. 저는 우유 넣을 거라 평소보다 좀 더 진하게 카레 넣어줬어요. 마지막에 데친 브로콜리와 완두콩, 우유 넣어서 한번 더 끓여주면 카레 완성이네요. 확실히 브로콜리와 완두콩 넣어주니 색감이 먹음직스럽죠. 우유를 넣어서 좀 더 부드럽고 고소하고 풍미가 좋더라고요. 밥 위에 카레 올려주면 카레밥이 되겠죠. 우유를 넣어서 부드러운 맛이 더해서 어린아이들이 먹기에도 자극적이지 않고 좋을 것 같아요. 입맛 까다로운 아들녀석은 카레 먹고 나면 속이 쓰리다고 해서 우유 넣어봤더니 자극적이지 않아서 좋다고 하네요. 사과를 마지막에 넣어서 상큼한 맛도 있고 완두콩 씹히는 식감도 좋아요. 고기를 넣지 않아도 맛있게 먹을 수 있는 카레랍니다. 카레는 특히 차가워졌을 때 뜨거운 밥과 함께 먹어도 맛있어요.","카레, 감자, 당근, 양파, 브로콜리, 사과, 우유, 완두콩","[1, 1, 1, 1, 1, 1, 1, 1]"
141,또띠아피자,퓨전,4인분,8인치 또띠아 2장을 사용할거예요. 토마토소스를 발라주세요. 떨어지지 않게 사놓은 소스이지요. 파스타도 해먹고 이렇게 피자도 해먹을수 있으니까요. 모짜렐라치즈도 큰거로 사 놓으면 훨씬 저렴하지요. 베이컨이나 햄이 없어서 연어 통조림 캔을 넣을 생각이예요. 기름은 미리 빼고 넣어주세요. 저는 그냥 넣었더니 기름이 나오더라구요. 너무 쉬운 레시피를 이렇게 풀어서 써도 되는건지....ㅋㅋㅋㅋ 풀어서 쓰는 것도 기술(?)이라며... 제목에 2가지 맛이라고 했잖아요. 그래서 한곳에는 바나나를 썰어서 넣었구요. 한쪽은 체다슬라이스 치즈를 손으로 뜯어서 올려봤어요. 그리고 위에 모짜렐라치즈를 한번 더 올렸어요. 오븐은 미리 예열을 해놓았구요. 200도에서 10분간 구웠어요. 그리고 맨 위칸으로 올려서 250도 3~4분 정도 추가로 구워서 탄 느낌을 내줬어요. 또띠아가 좀 탔죠? 아들냄이 너무 태운거 아니냐고 했지만... 엄마만의 요리의 세계라고 일부러 그렇게 했다며 나의 스타일이라고 당당하게 말했어요.,"또띠아, 모짜렐라치즈, 체다치즈, 스파게티소스, 연어캔, 샐러드야채, 바나나","[1, 1, 1, 1, 1, 1, 1]"
142,밥피자,퓨전,1인분," 먼저 야채들을 잘게 썰어서 준비해주세여 돼지고기 다짐육은 간장,올리고당(또는 꿀,아가베등), 마늘, 참기름,소금,후추를 넣고 조물조물  먼저 팬에 오일을 두른후 갖은 야채를 넣고 볶아준후~ 고기도 넣고 볶아주세요 옥수수도 넣어주세요  찬밥을 넣고 볶아볶아~~~주세요 밥을 골고루 쭉~~~펴서 피자 도우처럼 만들어 주세요~(  케찹이나 토마토 소스를 넓게 바른후(밥에 간을 따로 하지 않았기때문에 케찹을 넉넉히 발라줬어요  모짜렐라치즈와 콜비잭치즈를 섞어서 올려준후~ 뚜껑을 덮고 약불에서 치즈가 녹을정도만 구워주세요","당근, 부추, 양파, 느타리버섯, 감자, 옥수수, 햇반, 돼지고기, 간장, 다진마늘, 참기름, 올리고당, 케첩, 모짜렐라치즈, 소금, 후추","['15g', '2Ts', '30g', '30g', '1/2개', '3Ts', '1공기', '50g', '1/4ts', '1/4ts', '1/4ts', '약간', '약간', '약간', '약간', '약간']"
143,버거,퓨전,1인분,양상추와 적채는 곱게 채 썰고 토마토는 동그랗게 썬다. 양파는 굵게 다진 뒤 스위트 칠리소스를 넣고 섞는다. 카츠야 로스까스는 노릇하게 튀겨 기름을 뺸다. 햄버거번은 안쪽 면만 살짝 구워 마요네즈를 고루 바른다. 햄버거 번 위에 슬라이스 고다치즈-튀긴 로스까스와 동봉된 소스-채 썬 양상추와 적채-칠리소스-오이피클-토마토-햄버거 번 순서로 얹어 완성한다.,"돼지고기, 햄버거번, 양상추, 양파, 슬라이스치즈, 토마토, 돈까스소스, 마요네즈, 스위트칠리소스, 식용유, 피클, 양배추","['1개', '2개', '3장', '1/4개', '2장', '1/4개', '1/2봉', '2큰술', '2큰술', '적당량', '4개', '2장']"
144,찹스테이크,양식,2인분,"고기는 큐브모양으로 썰어 맛술을 넣어 잘 섞은 후 소금과 후추가루를 살짝 뿌려둔다. 양파와 피망, 파프리카, 당근도 고기와 비슷한 크기로 썰어준다. 분량의 재료를 넣고 소스를 잘 섞어 만들어둔다. 달궈진 팬에 버터를 조금 녹이고 밑간해 둔 소고기를 넣어 볶는다. 핏기가 없어질 정도로만 살짝 볶은 후 접시에 덜어준다. 소고기를 볶은 팬에 올리브유를 살짝 두르고 손질한 야채를 넣어 볶아준다.  (야채의 식감이 살아있도록 살짝만 볶아주세요!) 야채를 볶은 팬에 덜어둔 고기를 다시 넣고 만들어둔 소스를 넣어 잘 섞이도록 살짝 볶아주면 완성!","소고기, 양파, 피망, 당근, 버섯, 버터, 맛술, 소금, 후추, 스테이크소스, 굴소스, 케첩, 올리고당, 다진마늘","['300g', '1/2개', '1/2개', '1개', '3개', '약간', '1큰술', '약간', '약간', '4큰술', '2큰술', '1큰술', '2큰술', '1큰술']"
145,오믈렛,양식,1인분,토마토 스트링치즈 크래미 깍뚝썰기 양배추 채썬 후 잘게 자르기 달군팬에 올리브유 쪼르륵 중앙에 재료가 오게 계란은 넓게 구워준다 적당히 구워지면 접기 소스데우기 베이컨 굽기 소스는 미리 만들어 놓기 밀가루 볶다가 버터투하 위에것에 더하기 간장0.5우스터소스1케찹3와인4설탕5우유5스푼 느타리버섯 2개 반잘라서 넣고 졸임 오믈렛에 소스 뿌려서 냠냠 하시면 됩니당,"계란, 토마토, 스트링치즈, 양배추, 크래미, 양파, 소금, 후추","['2알', '1/2개', '1개', '1주먹', '1개', '기호에따라', '1티스푼', '약간']"
146,함박스테이크,양식,4인분,함박스테이크는 오븐에서 굽거나 후라이팬에서 구워주세요. 팬에 기름을 조금 두르고 송송썬 김치를 볶아주세요. 토마토파스타소스를 넣고 볶아주세요. 오븐용 그릇에 김치소스를 담아주세요. 구워낸 함박스테이크를 올려주세요. 슬라이스 모짜렐라치즈를 올려준 후 파슬리가루를 뿌려줍니다. 180도로 예열된 오븐에서 8분간 구워주세요.,"소고기, 김치, 스파게티소스, 모짜렐라치즈, 파슬리","['4개', '150g', '100g', '4장', '조금']"
147,프리타타,양식,2인분,"재료를 준비해주세요. 팬에 기름을 두르고 감자를 볶아주세요. 베이컨, 소시지, 양파를 넣고 볶아주세요. 재료가 다 익으면 식혀주세요. 그릇에 우유와 계란을 넣고 소금, 후추 간을 하고 섞어주세요. 식힌 재료와 옥수수콘을 넣고 섞어주세요. 팬에 기름을 두르고 섞은 재료를 넣고 부쳐주세요. 반쯤 익으면 치즈를 넣고 뚜껑을 덮어주세요. 뚜껑을 덮고 3분정도 익혀주세요. 접시에 담아 파슬리를 뿌려 완성~!!","베이컨, 계란, 소시지, 옥수수콘, 우유, 감자, 양파, 치즈","['5장', '2개', '1개', '1캔', '200ml', '1개', '1/2개', '1개']"
148,연어스테이크,양식,2인분,"어린잎은 흐르는 찬물에 깨끗하게 씻어준 후 체에 밭쳐 물기를 제거 합니다. 팬에 올리브유를 두르고 얇게 저민 마늘은 바삭하게 튀기듯이 볶아 줍니다.  마늘을 볶은 기름에 소금, 후춧가루를 뿌려 밑간한 연어를 중간 불에서 앞뒤로 구워 줍니다.  그 후 사각으로 썬 비트를 볶아 줍니다. 비트를 한번 볶은 후 드레싱을 만들어 줍니다. 드레싱은 볶은 비트 중 50g을 따로 빼서 오렌지주스 4T, 포도씨유 1T, 소금 약간을 넣어 믹서에 갈아 주면 됩니다. 접시에 노릇노릇하게 구운 연어와 어린잎, 볶은 비트, 드레싱을 곁들이면 비트 드레싱을 곁들인 연어스테이크 완성.","연어, 새싹, 비트, 마늘, 소금, 후추, 비트, 오렌지주스, 포도씨유, 소금","['220g', '40g', '1개', '5개', '약간', '약간', '4T', '4T', '1T', '약간']"
149,감바스알아히요,양식,2인분,"에어프라어에 기름종이 2장을 겹쳐서 넣는다. 머리, 껍질, 내장 제거하 새우, 편 마늘, 페페론치노, 다진 마늘, 오일, 포도씨유, 소금, 후추, 허브를 넣는다. 에어프라이어 온도 160도에 15분을 맞추고 익힌다. 중간에 한번 섞어 주면 고루 익어요.곁들임용 빵은 에어프라이어 160도에 3분 정도 구워서 바삭하게 곁들이면 좋아요.","새우, 마늘, 페페론치노, 올리브유, 포도씨유, 소금, 후추, 다진마늘, 바게트빵, 로즈마리","['20마리', '7알', '10알', '1/2종이컵', '1/4종이컵', '약간', '약간', '1/2숟가락', '2~4조각', '1줄']"
150,스크램블에그,양식,2인분,"계란4알,우유,버터 ,후추 ,소금 ,파슬리를 준비해주세요. 계란 4알을 깨주고 소금,후추 한꼬집씩 넣어주세요. 촉촉하고 부드러운 스크램블에그를 위해 우유50ml넣어주세요. 알끈을 제거하면 더 부드럽지만 간단하게 해먹기위해 저는 따로 제거하지 않고 섞어주었어요. 불을 킨 팬에 버터를 소량넣고 녺여주세요. 버터가 다 녹았으면 계란물을 부어주세요. 불은 약불로 켜놓고 주걱으로 저어주세요. 몽글몽글해지게 살살~ 잘익은 계란을 그릇에 담고 파슬리가루를 톡톡 뿌려주세요. 파슬리가루가 없다면 생략해도 좋아요. 예쁘고 부드러운 스크램블에그 완성!!!","계란, 우유, 버터, 후추, 소금, 파슬리","['4알', '50ml', '소량', '1꼬집', '1꼬집', 1]"
151,감바스,양식,2인분,"냉동새우 200g 녹이기 ※키친타올로 물 빼주기 브로콜리 50g 손질해서 데치기 ※키친타올로 물 빼주기 파프리카 70g 썰어두기 마늘 30g 슬라이스하기 청량고추 1개 어슷썰기(고추씨는 빼주자) 방울토마토 100g 반으로 자르기 1. 후라이팬 예열 2. 호두오일_엑스트라 버진 60g 넣기 슬라이스 마늘 30g, 청량고추 1개 넣고 노릇해지게 볶기 새우, 데친 브로콜리, 파프리카, 토마토 넣고 볶기 다 익으면 1. 소금 2g 2. 후추 3g 넣고 버무리듯 볶기","새우, 브로콜리, 파프리카, 방울토마토, 청양고추, 마늘, 엑스트라버진호두오일, 소금, 후추","['200g', '50g', '70g', '100g', '1개', '30g', '60g', '2g', '3g']"
152,에그인헬,양식,2인분,"양파는 굵게 채 썰고 방울토마토는 반으로 잘라주세요. 베이컨은 3cm 간격으로 잘라주세요. 달궈진 프라이팬에 기름을 살짝 두르고 양파를 볶아주세요. 양파가 투명하게 익으면 후추, 베이컨을 넣고 볶아주세요. 오뚜기 프레스코 스파게티소스토마토, 오뚜기 3분 미트볼,방울토마토 순으로 넣고 그 위에 모짜렐라 치즈를 올려주세요. 소스가 끓으면 달걀을 넣고 뚜껑을 덮어 달걀을 살짝 익힌 후 바질, 바게트 빵을 올려 완성합니다.","스파게티소스, 3분 미트볼, 베이컨, 계란, 바질, 양파, 모짜렐라치즈, 방울토마토, 후추, 바게트빵","['3~4컵', 1, '3줄', '2개', '줌', '1개', '100g', '7~8개', '약간', '3~5개']"
153,감자그라탕,양식,2인분,"감자는 깨끗히 씻어 쪄서 준비해주세요. 감자는 다 익히지 마시고 살짝 덜 익혀주세요. 익은 감자 한김 식힌후 썰어주세요. 야채는 다져서 준비합니다. 야채경우 냉장고에 있는 자투리 채소 이용하심 될것같아요. 팬에 버터를 녹여주세요. 익혀 놓은 감자를 버터에 넣어 구워주심 된답니다. 그래서 처음에 감자를 삶을때 완전히 익히지 않아도 되는거예요. 버터에 빠진 감자 냄새부터 참 좋치요. 여기에 간 살짝해서 그냥 먹어도 맛있어요. 구워놓은 감자는 잠시 빼놓고 팬에 기름을 살짝두르고 야채+새우를 넣어 볶아주세요. 소금,후추로 살짝 간을해주세요. 생토마토 2개를 껍질을 벗겨 믹서에 갈아 넣어주세요. 토마토가 없으면 시판용 스파게티소스 사용하셔도 됩니다. 보글 보글 끓이다 치즈가루를 넣어주세요. 그리고 간을 보시고 부족하면 소금 + 설탕을 넣어주심 된답니다. 설탕은 토마토가 너무 시큼하다 싶으면 넣어주세요. 치즈가루 없으심 생략가능합니다. 끓이다 보면 걸쭉한 느낌이 들어요 그럼 불을 꺼주세요. 오븐 그릇에 구워놓은 감자를 담아주세요. 감자위에 토마토소스를 올려주세요. 모짜렐라치즈를 올려주세요. 똑같은 방법으로 다시 감자를 올려주세요. 토마토소스 올리고 마지막에 모짜렐라치즈 듬뿍 올려주심 된답니다. 오븐 180도에서 10분 돌렸어요. 오븐이 없음 전자렌지 이용해주세요. 치즈가 듬뿍 올라간 감자그라탕. 푹 떠주면 치즈가 쭈욱 쭈욱 늘어나는 맛에 치즈 듬뿍 올려 먹는것같아요.","감자, 새우, 양파, 파프리카, 가지, 토마토, 버터, 파마산치즈, 소금, 후추","['2개', '1줌', 1, 1, 1, '2개', 1, 1, 1, 1]"
154,안심스테이크,양식,4인분,아스파라거스는 그냥 구우면 질길 수 있기 때문에 필러로 껍질을 살짝 벗겨 주시구요 다른 야채들은 깨끗하게 씻어서 먹기 좋은 크기로 잘라주세요 식탁 위에 그릴리아 쿡탑과 구워먹을 야채과 고기만 준비하시면 되요 스테이크를 굽기 전에 먼저 양송이 구이를 해볼텐데요 양송이하면 구워서 가운데 맺히는 국물 먹는 맛이 또 일품이잖아요 그릴리아 쿡탑과 뚜껑만 있으면 가능하답니다 양송이 버섯 꼭지를 따고 양송이 버섯을 가지런히 올린 다음 타진 뚜껑으로 덮어주세요 타진 뚜껑이 없으면 다른 냄비 뚜껑도 상관 없지요 그릴리아 쿡탑 온도는 7번에서 8번 정도 중강불에 놓고 조금만 기다려주세요 그 사이 구워먹을 안심 스테이크도 따로 준비하시고 맥주도 따르시며 잠깐만 기다리시면 양송이 버섯이 안에 국물이 맺히며 아주 잘 익어있답니다 에피타이저의 기분으로 하나씩 드시며 스테이크 먹을 준비를 하시면 되겠죠~ㅎ 이제 본격적으로 스테이크를 구워볼텐데요 그릴리아 쿡탑을 5번 정도 중불로 달궈서 버터를 전체적으로 살짝 발라주세요 온도를 올리면 빨갛게 열선이 들어오는게 보이는데요 이 부분을 중심으로 버터를 발라주시면 되요 버터를 바르지 않으면 야채나 고기가 상반에 눌러붙을 수 있기 때문인데요 버터를 바르고 구워서 고소한 맛도 더 배가된답니다 안심 스테이크와 야채를 모두 올리고 불 조절을 하면서 앞뒤로 노릇노릇하게 구워주면 되는데요 고기 겉면이 익었을 때 그릴리아 쿡탑 위에서 바로 칼질을 하며 잘라주시면 되요 상판 세라믹의 강도아 칼보다 훨씬 높이 때문에 칼을 바로 사용해서 아무리 자르셔도 상판에는 기스가 생기지 않는답니다 맥주 한잔과 안심 스테이크까지 곁들이면 손님 초대해서 대접하는 것도 정말 큰 부담 없겠죠~ :D,"소고기, 양송이버섯, 아스파라거스, 가지, 파프리카, 양파, 고구마, 감자","['2덩어리', 1, 1, 1, 1, 1, 1, 1]"
155,라따뚜이,양식,1인분,"가지, 애호박, 새송이버섯은 0.3cm두께로 동그랗게 편썬다. 마늘은 편으로 썰고 양파, 토마토는 가로세로 1.5cm, 파프리카는 가로세로 1cm로 자른다.-( 냄비에 올리브유를 두르고 마늘-양파-파프리카-토마토 순으로 볶는다. ③에 토마토소스와 물 1컵반을 넣고 라면스프와 설탕으로 간을 하고 바질을 넣은 뒤 은근한 불로 졸여 라따뚜이스튜를 만든다. 올리브유, 소금, 후추, 바질을 ①에 골고루 바르고 철판에 팬닝한 후 200도로 예열한 오븐에 약 5분간 굽는다. 라면을 살짝 삶아 찬물에 한번만 헹군뒤 3~4cm로 자른다. 한입크기로 자른 라면을 라따뚜이스튜에 넣고 살짝 섞는다. 오븐에서 꺼낸 가지, 애호박, 새송이를 그릇에 번갈아가면서 동그랗게 담고 그 위에 라따뚜이를 보게 좋게 담아 준다.","라면, 스프, 토마토, 애호박, 가지, 새송이버섯, 양파, 스파게티소스, 마늘, 파프리카, 올리브유","['70g', '8g', '230g', '30g', '25g', '25g', '150g', '90g', '30g', '40g', '5g']"
156,맥앤치즈,양식,2인분,끓는 물 500lml에 마카로니를 넣고 7분간 삶아줍니다. 그리고 나서 물을 따라줍니다. 종이컵 1컵 분량인 150ml의 물을 붓고 동봉되어 있는 맥앤치즈 파우더를 넣어줍니다. 잘 저어줍니다. 체다치즈 1장을 넣어주면 더욱 풍부한 맛을 낼 수 있지요. 체다 치즈는 집에 있는 걸 사용했어요.  걸쭉한 농도가 되도록 2분간 저어 완성합니다. ,"마카로니, 물, 체다치즈, 후추","['1봉지', '150ml', '1장', '2인분)']"
157,퐁듀,양식,3인분,"치즈를 준비하고요. 잘게 다집니다. 슬라이스 치즈는 안되요. 두꺼운 그릇을 준비하세요. 저는 뚝배기를 사용했습니다. 마늘을 반으로 잘라 그릇에 문질러 주세요. 백포주를 준비하시는데 좋은게 아니라도 되요. 그냥 시중에서 싸게 살 수 있는 것이면 충분. 한컵 정도를 붓고 거품이 일때까지 끓여 주세요. 레몬 반개를 손으로 짜서 즙을 내서 섞어주세요. 레몬이 없으면 안넣어도 크게 문제 될건 없어요. 치즈를 조금씩 넣으면서 나무 주걱으로 저어가며 녹여 주세요. 치즈가 다 녹으면 녹말가루를 물 조금만 넣고 풀어 섞어주면 끝. 휴대용 가스버너에 올려 놓고 둘러 앉아 먹으면 됩니다. 바게트 빵이나 크래커, 떡볶이떡도 찍어 먹으면 별미에요.","바게트빵, 크래커, 떡볶이떡, 치즈, 포도주, 레몬, 마늘, 녹말가루","[1, 1, 1, '400g', '1컵', '1/2개', '1개', '1작은술']"
158,시금치프리타타,양식,4인분,시금치프리타타 메인 재료 시금치를 다듬어 준비.데치지 않고 그냥 깨끗이 씻어준 비.양파도 껍질을 벗기고 양파는 반만 사용. 계란5개를 우유와 함께 투척. 시금치프리타타에 부어줄 계란 물 만들기. 우유를 넣어서 계란 물이 아주 묽어져서 물이 줄줄 흐르면 어쩌나? 고민하지 마시길~~ 소금 1 작은 술 투하하고. 탱글 탱글 빨간 방울토마토 슬라이스친다. 토마토가 들어가니 새콤하고 더 맛깔난다. 시금치프리타타 에 부울 계란물을 잘 풀어준다.~ 계란 물에 파마산 치즈 투하~~ 파마산 치즈를 넣어서 시금치프리타타가 훨씬 고소해진다.~~ 힝~ 잘 풀리진 않으면  그대로 파마산 치즈를 둬도 무방하다. 시금치랑 소세지 토마토 양파까지 ~~~ 먹기 좋게 막 썰어 놓는다. 뭔가 아주 푸짐해보인다.~~ㅎㅎ 시금치랑 방울토마토가 유난히 싱싱해 보이는 게  음식 자체가 건강식이 될 것 같다.~ 올리브유를 바닥에 두르고~ ㅋㅋ 양파는 너무 엉망으로 썰었나? ㅎㅎ 첨엔 양파를 다지다가 양이 좀 적어서 채썰기로~~ 암튼 첨벙 넣고. 양파랑 아기 새송이버섯은 기름을 두르고 볶아도 좋지만 이렇게 생으로 넣어도 맛이 좋더라는.~~ 시금치 넣고 햄 투척!! 아기 새송이도 넣고  방울토마토도 투하!!@@@@ 마지막으로 모짜렐라치즈도 넣어서  시금치프리타타 재료는 다 넣은 듯~~ 고소하게 치즈가 녹아들면 아주 맛난 비주얼 시금치프리타타가 되리라.~~ 마직막으로 계란 물을  시금치프리타타에 부어주고.~ 시금치프리타타에 아기 새송이버섯을 넣길 잘했다는 ~~ 가스레인지에 프라이팬을 올리고  약불로 15분 구웠다.~~ ㅋㅋ 근데 넘 두꺼워서 바닥은 익고  위는 계란 물~~ 담엔 조금 더 큰 프라이팬에 구워야겠다. 계란물이 생각보다 두꺼웠다. 그래서 오븐 240도에 예열하고 시금치프리타타를 넣고 200도에서 15분 더 구웠다. 헉~ 시금치프리타타 먹음직스럽다.~~ 두꺼우니 좋은 점도 있네. 오븐 밖으로 탈출한 시금치프리타타 ~ 아~ 비주얼이 대박이다.~~ 시금치프리타타 시금치가  계란 속으로 숨바꼭질을 해버렸다. 쪼글 거리는 방울토마토도 먹음직~ 방울토마토도 잘 구워진 듯~,"계란, 우유, 파마산치즈, 소금, 올리브유, 시금치, 양파, 소시지, 양송이버섯, 토마토, 모짜렐라치즈","['5개', '150ml', '2큰 술', '1작은술', '조금', '1줌', '1/2개', '1개', '1컵', '1줌', '1줌']"
159,등심스테이크,양식,2인분,"고기는 칼끝으로 꾹꾹 찍어 소금 후추를 뿌려준다. 프라이팬은 미리 달궈둔다. 찌직 소리가 나면 겉만 익혀 살짝 뒤집어준다. 레드와인 3숟가락과 간장 2숟가락, 매실 엑기스 2숟가락를 넣어 소스를 만들어둔다. 양파, 표고버섯, 쇠고기를 살짝 구워낸다. 먹기 좋게 썰어준 후, 소스를 올려 접시에 곱게 담아내면 완성된다.","소고기, 양배추, 느타리버섯, 소금, 후추, 포도주, 간장, 매실액","['150g', 1, '약간', '약간', '약간', '3숟가락', '2숟가락', '2숟가락']"
160,스크램블,양식,1인분,"다시마, 멸치를 넣어 육수를 만들어둔다 우유에 달걀을 풀어 소금 간을 해 스크램블 에그를 만들어둔다 팬에 1의 육수를 붓고 고추장, 양파, 간장, 신라면스프, 물엿을 넣고 끓인다. 3에 라면을 넣고 볶는다. 2의 스크램플에그와 4의 라면볶이를 곁들여낸다","라면, 라면, 양파, 계란, 우유, 다시마, 멸치, , 고추장, 물엿, 소금, 케첩, 간장","['1봉', '1/2개', '20g', '4ea', '1/2C', '1ea', '4ea', 1, '1Ts', '4Ts', '2Ts', '1Ts', '1Ts']"
161,닭가슴살스테이크,양식,1인분,떡본김에 제사지낸다고 다이어트할려고 사다둔 닭가슴살 꺼내서 멋낸다고 그릴팬에 올리고 파프리카 마늘도 올려준후 판수리소금-허브솔트를 솔솔 뿌려주어요. 앞 뒤쪽 다 살짝 뿌려준후 그릴프레스로 꾹 눌러주면 허브향 솔솔 나는 닭가슴살스테이크 완성입니다  닭가슴살스테이크 접시에 올려주고 소스 사르르 뿌려주어요. 식사대용으로도 좋고 다이어트식으로도 좋은 닭가슴살스테이크.,"닭고기, 파프리카, 마늘, 허브소금","[1, 1, 1, '약간']"
162,만두그라탕,양식,1인분,"냉동 만두는 찜기에 쪄서 준비합니다. 양파 1/4개 분량을 잘게 다져서 기름 살짝 두른 팬에 볶아줍니다. 그라탕 용기 위로 토마토소스 올리고 볶은 양파를 얹어줍니다. 만두는 길이가 좀 길어서 나중에 먹기 좋게 한 입 크기로 잘라 올려줍니다. 다시 토마토소스 바르고 블랙올리브 슬라이스 올려줍니다. 피자치즈와 견과류, 파슬리가루 솔솔 뿌려줍니다. 180도로 예열된 오븐에서 5분여정도 혹은 전자렌지를 이용해 피자치즈가 녹아내릴 정도로만 구워줍니다.전자레인지,오븐","만두, 양파, 올리브, 모짜렐라치즈, 견과류, 파슬리, 스파게티소스","['5개', '1/4개', '1큰술', '적당량', '약간', '약간', '4큰술']"
163,브루스케타,양식,2인분,"대각선으로 2cm 두께의 조각으로 치아바타, 바게트를 얇게 썰어줍니다. 빵은 가능한 어슷하게 썰어서 하시면 모양이 더 살아납니다요리는 입으로만 먹는 것이 아니라눈으로 먹는 것이니 모양에도 신경을 써 주는 게 좋겠죠? 브러시를 사용하여 올리브오일로 빵의 양면을 발라줍니다. 180도로 미리 예열한 오븐에 넣어 오븐 트레이 위에 놓고 한쪽이 가볍게 황금빛이 될 때까지 구워주고 . 다시 오븐 트레이꺼내어빵을 뒤집어 다진 마늘을 펴서 발라줍니다. 다시 트레이를 오븐에 넣어서 황금빛이 돌 때까지 구워내어서 줍니다. 만약에 오븐이 없을 때는프라이팬에 약한 불로해서 앞뒤로 노릇하게 구워주면 OK. 준비해둔 야채는 잘게 깍둑썰기 해주고, 양파의 아린 맛이 싫다면 찬물에 담갔다가 물기 제거 한 후 양념에 잘 버물려 준 토마토와 바질 양파를 빵 위에 얹어주면 됩니다. 오늘은 바질이 없어서 베란다 텃밭에서 차이브 랑 셀러리 잎을 잘라다가 허브가위로 잘라서 대체했습니다.","토마토, 마늘, 올리브유, 바질, 양파, 바게트빵, 설탕, 식초, 소금, 파슬리, 후추","['2개', 1, '1T', '20g', '1/2개', '1', '1/2작은술', '1/2직은술', '1꼬집', '약간', '약간']"
164,치즈오믈렛,양식,1인분,"재료를 준비해주세요. 토마토와 양파는 잘게 다져 살사소스 재료와 섞어주세요. 볼에 달걀을 넣고 달걀물 양념 재료를 더해 잘 섞어주세요. 팬에 버터를 두른 후 달걀물을 넣고 고루 섞어 익히다가, 반쯤 익으면 달걀 위에 체더슬라이스를 넣고 타원형으로 접어주세요. 접시에 오믈렛과 어린잎채소를 담고 살사소스를 곁들여주세요.","계란, 체다치즈, 버터, 새싹, 우유, 소금, 후추, 토마토, 양파, 올리브유, 케첩, 핫소스, 설탕, 식초, 파슬리, 레몬즙, 소금, 후추","['3개', '1큰술', '1큰술', '1줌', '2큰술', '약간', '약간', '1/3개', '1/4개', '2큰술', '2큰술', '1/2큰술', '1/2큰술', '1/2큰술', '약간', '약간(생략가능)', '약간', '약간']"
